2,2,2,2
2,2,6,2
3,2,6,3
16,5,5,12
9,6,2,14
3,6,6,18
2,9,2,18
5,2,2,2
16,19,2,3
2,5,6,5
7,6,2,9
5,3,2,2
2,16,4,15
4,5,2,2
2,6,6,18
2,2,6,20
15,12,2,4
6,6,2,15
5,12,22,4
6,6,3,2
2,4,12,3
13,15,2,7
16,2,10,9
2,2,28,2
2,3,4,3
3,9,12,2
4,15,6,6
2,22,6,2
15,4,3,4
16,2,6,5
2,3,2,6
2,10,3,21
4,12,6,6
4,6,3,22
4,3,2,3
6,6,2,3
6,3,6,4
6,2,18,3
3,9,5,2
2,24,9,6
6,6,6,6
5,9,9,21
19,21,2,3
4,24,6,2
17,6,3,2
6,6,12,5
6,21,3,5
2,16,6,2
16,6,2,2
6,3,6,3
2,2,2,3
2,14,2,3
22,4,6,6
6,6,5,6
5,17,16,6
14,9,12,6
4,7,9,3
6,4,4,6
6,16,3,2
3,9,2,2
6,24,4,3
4,6,9,6
23,2,2,6
3,6,9,20
20,6,2,4
3,2,6,3
19,2,5,2
21,2,3,6
5,3,6,12
3,5,6,6
2,6,6,17
24,2,9,10
6,6,6,9
2,6,6,6
18,2,6,2
6,24,2,6
2,2,5,2
6,6,6,6
3,3,2,3
6,4,3,6
6,2,2,26
2,27,4,3
9,2,6,21
10,6,2,2
2,3,15,2
6,2,2,2
3,4,18,2
17,2,17,5
2,2,6,2
3,3,2,14
6,3,6,16
4,2,6,3
2,6,4,28
4,26,2,2
6,6,6,5
6,2,2,22
24,2,2,2
6,3,3,2
4,2,4,2
4,4,2,4
4,2,3,3
5,2,2,2
6,5,6,6
3,6,6,3
6,19,2,3
15,6,3,5
3,2,6,4
6,23,3,3
3,4,5,6
2,2,14,2
4,14,6,6
4,21,9,2
4,5,10,20
22,4,6,4
24,3,3,3
2,2,2,2
15,2,3,15
6,4,3,24
2,2,12,21
3,4,6,2
5,6,4,12
14,15,2,6
6,6,5,20
20,2,2,2
2,19,6,6
5,15,2,3
4,6,3,13
2,2,9,23
6,17,2,13
6,17,2,6
17,6,19,6
8,12,7,6
3,2,6,2
4,2,4,4
6,2,8,2
6,4,6,6
3,3,4,24
6,6,6,6
4,2,2,6
2,12,6,6
2,2,2,2
3,6,2,4
15,15,4,14
3,4,3,4
6,2,2,6
6,2,4,5
21,2,2,3
2,3,17,2
22,2,2,15
5,3,6,13
5,3,2,28
2,2,10,2
2,4,2,2
6,3,12,9
6,12,12,4
6,10,20,5
17,3,2,14
2,2,2,2
2,3,5,6
21,5,2,2
4,6,15,5
5,6,5,6
2,6,2,4
2,6,5,3
20,3,3,2
23,6,3,2
15,9,6,3
6,3,2,3
3,2,3,3
6,4,2,6
2,2,2,2
13,3,12,2
2,3,6,3
5,4,4,3
26,3,3,5
24,3,2,4
6,6,6,2
2,2,2,2
2,6,4,2
2,2,4,6
6,24,7,4
4,3,27,2
16,7,6,2
2,2,18,2
6,2,5,2
6,2,3,21
2,5,2,27
6,3,10,4
23,6,2,4
2,2,3,13
18,2,5,8
21,6,3,6
3,18,6,3
9,3,15,6
11,3,3,2
2,6,6,10
2,2,2,2
9,4,3,12
12,3,6,5
10,2,9,2
2,3,2,3
12,4,3,3
15,6,6,3
5,3,3,3
6,2,2,24
4,5,15,9
6,5,22,6
3,13,3,2
19,12,2,2
2,6,2,3
6,4,21,5
2,12,2,2
6,2,4,14
6,2,4,2
9,6,11,14
16,5,6,9
6,6,6,2
22,6,2,15
3,2,3,6
6,3,4,5
3,6,9,6
2,6,6,3
2,6,2,3
9,6,17,6
9,17,6,4
4,13,14,6
17,16,6,3
2,2,2,2
6,2,21,6
2,2,24,2
3,9,2,17
6,4,18,2
4,3,21,8
2,17,2,19
12,18,6,9
2,3,15,6
5,2,20,4
6,6,6,4
20,3,9,3
6,6,5,6
3,3,2,3
3,6,6,2
4,6,15,6
4,25,6,3
2,6,12,2
5,6,4,14
5,5,21,6
6,2,24,4
14,6,6,6
2,9,6,12
6,2,20,4
7,16,6,5
2,3,7,6
3,5,9,6
2,2,2,19
6,9,3,3
2,2,2,2
25,2,2,5
2,6,2,2
3,5,6,19
3,2,4,20
12,6,4,4
4,24,3,6
6,19,9,2
9,6,3,6
6,2,9,11
4,6,6,12
6,18,6,2
23,3,2,4
5,21,6,3
21,2,3,6
17,9,13,4
3,8,22,14
2,6,6,2
17,20,3,3
2,5,3,9
6,6,4,12
6,3,24,2
2,6,9,6
6,18,6,3
6,6,3,9
6,2,2,6
2,3,3,3
6,7,6,6
3,18,6,6
2,6,2,2
23,20,2,3
14,2,17,6
2,6,4,2
2,6,2,2
10,4,4,5
2,24,3,4
3,2,6,6
6,3,22,4
5,2,12,3
2,3,6,4
2,13,2,5
4,6,3,5
9,8,2,2
2,3,6,2
21,5,3,6
6,5,2,2
3,6,5,9
20,4,2,4
3,6,6,21
2,15,2,3
2,4,2,2
3,8,6,6
3,6,6,6
2,2,21,2
23,3,2,5
3,3,16,6
6,6,6,16
5,6,6,4
12,4,2,6
2,4,4,2
2,7,3,6
3,2,2,20
12,15,2,2
4,3,22,2
2,3,3,6
21,6,2,2
2,3,3,6
3,3,2,2
12,3,15,8
2,2,2,2
5,12,20,2
18,6,6,2
12,2,15,15
6,12,6,6
6,2,17,6
6,6,5,6
3,6,6,4
6,4,6,4
5,3,2,9
3,6,3,6
4,5,5,25
2,2,2,2
4,9,5,3
6,2,3,2
6,6,9,11
25,2,2,4
5,4,16,12
6,6,6,6
5,2,9,6
3,2,3,4
8,8,16,6
2,4,5,2
3,9,2,3
4,4,3,6
2,4,2,24
4,16,6,6
2,16,3,9
18,3,3,3
6,4,4,6
6,6,6,15
6,6,3,20
6,2,2,3
23,6,6,2
9,3,6,6
3,6,2,20
9,3,2,2
6,17,6,6
2,6,19,5
6,15,2,4
9,2,19,3
2,5,4,6
2,2,4,6
18,9,5,5
4,2,2,24
21,6,6,2
2,2,2,3
5,5,6,15
3,9,3,2
2,2,2,2
2,9,3,2
4,2,9,9
2,3,6,13
21,6,3,5
3,2,21,2
24,6,3,6
9,3,6,19
23,14,3,3
25,6,6,2
6,2,3,2
6,4,2,5
6,3,6,25
5,13,9,4
5,3,4,21
4,6,6,6
2,3,21,4
6,6,4,6
9,11,9,3
2,6,13,6
4,6,6,25
8,21,5,2
12,3,15,4
4,6,4,5
6,6,2,9
23,3,3,3
4,3,4,4
4,6,3,4
2,3,6,2
2,14,9,6
25,4,2,6
5,2,6,21
26,2,4,9
3,2,3,4
8,3,2,20
6,10,6,6
5,4,6,19
6,6,6,6
2,24,3,6
3,2,2,21
3,22,2,3
6,6,6,2
3,5,3,6
18,2,3,5
12,20,2,4
2,6,3,4
5,5,2,20
2,2,2,2
3,3,2,9
6,2,5,11
6,2,6,14
4,14,2,12
12,2,6,12
2,5,6,20
6,6,6,3
4,6,3,2
8,5,3,6
2,9,2,3
3,7,2,4
3,6,5,3
3,6,4,6
2,2,6,15
12,3,4,4
4,6,2,5
2,20,2,2
6,6,9,6
3,13,2,6
4,2,6,6
3,9,3,2
21,2,6,2
5,5,6,20
5,5,8,21
3,3,6,9
6,24,6,2
6,6,6,3
3,6,20,2
6,3,2,23
2,6,6,3
3,3,24,5
9,10,2,6
3,2,2,19
2,6,6,25
2,2,6,26
6,4,6,12
4,18,3,5
3,2,2,2
4,2,5,6
6,6,20,7
6,2,5,6
2,3,6,6
6,6,4,16
21,2,9,8
4,3,6,6
2,2,2,3
2,2,2,2
24,12,6,2
5,3,3,3
3,6,5,6
2,2,10,2
4,4,26,2
4,2,22,2
12,2,6,9
2,3,3,4
2,4,2,4
2,26,3,2
2,6,24,4
2,2,22,2
6,8,3,6
6,2,22,4
4,2,19,2
3,2,9,9
21,6,3,5
3,2,5,3
4,9,2,19
6,3,12,14
4,2,2,6
3,17,3,6
2,2,2,2
3,2,17,2
2,16,2,2
2,6,6,6
15,5,7,5
3,2,13,19
9,5,3,2
5,6,2,9
2,22,18,6
6,5,13,6
5,4,2,22
14,18,2,2
20,6,2,6
4,13,3,4
2,8,2,19
6,2,5,6
16,2,2,2
6,6,5,6
2,9,15,6
23,2,2,5
6,3,6,3
4,2,4,2
2,4,9,9
2,2,2,2
2,6,3,6
5,2,2,9
3,6,3,3
6,3,9,2
3,6,6,6
8,6,10,3
6,6,27,4
3,3,16,6
6,2,4,4
6,23,4,6
2,6,16,6
3,2,4,3
26,4,2,2
2,6,4,3
3,15,12,6
16,2,2,2
3,12,6,6
3,6,6,18
2,16,6,6
6,2,4,2
4,12,4,3
24,3,6,7
5,5,3,18
3,3,2,6
18,4,3,6
5,6,15,2
6,5,2,6
4,4,2,6
2,6,14,6
2,4,2,6
15,3,2,3
2,2,28,4
3,3,18,6
6,2,6,6
5,2,6,3
3,27,2,6
6,4,4,6
24,6,3,6
2,6,6,6
4,21,4,5
3,6,6,6
2,4,5,6
6,3,2,6
5,5,9,9
8,15,6,4
2,5,2,2
6,4,3,6
4,5,18,3
3,6,2,6
6,4,6,6
4,5,11,12
6,6,3,6
2,20,3,4
8,15,3,18
6,6,6,3
6,6,19,2
4,17,6,4
21,3,3,4
16,4,13,6
6,3,6,19
5,8,21,6
3,6,2,4
4,6,3,3
2,2,2,2
6,17,12,6
4,2,6,3
3,21,2,6
3,6,2,9
3,15,2,6
2,2,2,2
3,2,3,2
2,3,28,4
6,2,3,6
2,4,23,6
6,2,2,2
12,4,6,4
2,2,2,19
6,21,6,5
4,2,6,2
2,3,6,19
6,6,6,17
5,26,6,6
8,4,3,18
22,3,6,3
2,2,2,2
2,2,16,2
2,2,2,2
5,6,6,8
4,4,25,3
7,6,4,27
7,6,23,6
14,6,12,3
2,6,2,2
12,4,2,3
3,6,3,2
3,2,3,6
2,2,20,6
2,6,19,2
5,2,9,9
6,5,4,6
3,6,3,3
3,3,4,26
6,2,18,2
4,6,3,2
23,6,6,7
3,2,2,6
3,4,4,9
3,5,3,9
2,4,3,16
6,6,17,4
5,6,4,6
2,2,3,2
7,22,2,4
6,11,6,4
2,14,4,6
9,4,3,2
6,6,6,21
2,3,2,6
2,13,9,14
6,2,18,3
16,2,2,6
3,3,4,19
6,3,4,5
6,22,2,3
3,6,2,18
5,3,9,2
3,2,6,2
2,17,6,3
3,3,9,2
2,6,2,4
4,5,6,6
2,2,17,2
2,4,2,3
6,3,6,6
4,25,6,2
17,3,6,2
21,2,3,4
6,4,3,2
14,2,2,6
4,2,2,5
7,2,21,17
4,22,6,5
6,6,2,4
2,26,2,2
4,6,2,4
6,4,6,3
21,4,5,5
2,2,4,3
3,6,5,6
6,6,12,3
20,3,2,6
4,6,15,6
4,17,4,3
6,6,2,2
14,2,3,12
6,2,6,4
2,26,2,2
4,5,4,3
6,2,2,6
4,7,19,6
3,2,12,11
22,2,3,6
3,2,5,12
6,18,2,2
18,3,12,3
6,4,2,6
2,3,2,3
4,2,20,4
5,7,9,3
3,4,2,9
16,9,2,5
6,5,15,6
2,6,2,5
13,3,2,2
4,2,11,6
6,6,6,4
2,2,2,2
2,6,3,2
24,2,6,6
2,2,2,6
2,3,3,25
6,6,5,17
6,4,6,5
5,24,6,2
2,6,6,2
6,2,2,2
13,9,6,2
2,13,6,6
4,17,6,3
4,19,11,6
12,9,4,12
2,21,6,2
12,3,2,2
2,17,3,15
2,2,2,2
2,2,9,2
4,25,6,6
6,2,2,6
6,2,2,4
2,17,2,2
2,3,5,6
2,2,6,2
6,6,2,6
5,6,9,6
6,4,28,3
2,6,6,22
6,3,24,2
2,2,2,6
4,20,5,3
2,2,6,4
3,15,4,12
4,2,6,3
4,5,6,2
2,6,2,6
2,2,3,6
2,2,2,3
2,2,3,6
14,2,4,6
3,5,6,2
4,15,9,10
6,25,2,6
2,4,2,6
3,4,2,6
15,3,11,5
4,2,6,6
6,10,11,12
5,16,3,4
6,2,2,20
6,9,2,2
2,6,6,6
6,22,2,2
19,4,6,4
3,4,9,2
6,2,3,2
6,25,3,2
2,3,2,2
18,2,3,6
23,6,4,6
2,2,2,2
3,6,2,6
6,2,6,9
3,3,4,6
14,20,2,2
2,4,2,3
6,6,2,4
2,2,3,2
6,3,2,2
19,12,6,2
6,6,2,4
2,23,4,6
17,3,3,2
2,2,2,2
3,4,4,24
4,23,3,7
9,2,5,2
2,5,2,12
2,2,6,3
6,6,4,6
6,25,6,4
3,2,2,6
3,5,4,5
2,7,3,5
2,6,6,3
5,2,6,2
15,9,12,4
2,6,2,22
3,3,2,12
6,6,5,4
2,4,17,6
2,6,2,6
3,16,4,6
4,5,6,9
2,4,6,9
4,12,3,3
6,5,6,12
4,6,3,3
3,2,6,2
6,13,2,11
4,4,9,4
23,6,9,5
2,20,9,5
6,4,7,2
2,5,3,6
6,2,24,4
2,2,6,19
11,4,6,15
2,6,4,3
15,2,3,4
3,3,14,7
4,6,6,6
19,2,2,15
6,6,20,3
2,9,6,3
3,21,2,6
6,2,3,19
3,5,2,2
6,6,5,15
2,3,3,2
15,4,5,20
3,2,6,6
6,2,6,3
13,10,4,5
24,12,6,4
6,6,2,13
4,6,2,3
4,2,9,6
4,4,16,9
3,4,6,4
6,6,2,5
3,3,3,4
3,18,6,15
2,2,3,9
2,20,2,2
6,4,9,15
6,2,2,2
6,6,6,11
3,6,6,3
15,6,4,11
2,2,2,2
22,6,2,3
6,6,21,3
13,3,7,9
6,13,4,6
4,5,16,15
2,8,6,19
2,3,4,6
4,2,6,23
2,2,15,2
2,3,9,2
3,6,3,25
2,2,2,6
3,21,2,2
2,2,19,3
8,5,6,6
6,6,18,17
6,14,6,2
2,4,4,5
6,6,5,3
2,25,6,6
6,3,2,21
2,3,3,3
3,12,2,2
3,4,4,3
6,6,3,14
3,2,6,2
3,6,6,2
5,9,2,6
2,9,2,2
18,6,2,6
9,9,15,5
4,2,4,3
12,2,12,6
5,6,6,2
11,9,2,2
21,2,2,2
6,25,3,5
14,6,5,16
2,6,5,3
9,8,8,2
3,24,2,3
4,4,4,7
4,22,6,2
2,18,2,3
3,19,3,2
6,3,6,3
2,6,3,6
3,6,9,3
3,16,2,6
13,6,15,3
4,5,6,2
6,15,6,6
13,6,3,12
20,3,2,4
5,2,6,14
9,2,4,6
19,6,3,2
2,6,2,4
6,3,6,2
6,11,10,2
20,6,5,6
6,2,6,18
9,21,10,2
6,2,2,2
12,6,6,6
6,3,15,2
6,23,2,3
2,14,2,6
6,3,6,2
15,2,12,5
4,6,7,20
6,6,6,14
4,3,6,22
2,24,2,2
4,3,6,6
2,24,4,6
6,2,3,6
3,3,2,2
18,4,5,6
6,9,5,2
2,24,6,3
2,20,2,6
6,3,3,15
5,4,18,6
14,6,3,2
6,21,3,6
3,2,7,22
2,6,4,9
3,6,2,5
3,2,5,21
2,2,2,3
2,6,2,6
2,2,21,2
2,3,9,5
3,6,2,20
23,3,3,2
2,3,6,4
6,2,17,3
2,2,2,6
9,6,6,3
2,14,2,3
6,2,6,4
6,6,12,6
18,8,4,4
2,6,6,5
6,4,2,6
2,6,2,2
6,3,21,2
4,2,2,12
6,4,2,24
5,10,2,6
3,2,6,3
21,6,3,2
4,3,4,9
2,2,3,4
6,4,6,10
7,12,5,6
4,5,6,9
2,4,5,24
15,3,2,2
2,9,21,4
5,6,6,2
17,12,9,6
6,15,11,6
6,3,2,6
2,5,6,9
6,9,2,15
7,12,6,6
6,22,6,3
6,6,3,15
4,6,9,4
6,21,6,4
6,6,5,22
2,2,3,6
2,3,12,3
4,3,5,6
2,6,5,5
6,2,24,2
6,18,9,4
18,3,5,6
2,4,23,9
9,2,2,2
3,10,18,3
6,9,2,6
5,6,6,2
6,6,5,6
2,2,2,2
2,5,2,3
2,2,6,3
2,23,4,3
12,3,9,6
6,2,6,5
14,6,4,6
6,2,6,2
6,6,18,6
3,2,6,6
4,9,9,16
3,6,2,6
2,2,2,2
12,5,3,2
6,3,5,2
3,9,17,2
27,9,2,2
19,2,18,6
2,4,3,9
6,4,2,4
9,3,2,6
6,13,4,6
2,9,3,3
4,24,2,6
6,5,2,5
12,9,9,2
21,3,3,2
2,3,5,24
26,2,2,2
12,3,4,6
2,17,6,2
9,5,6,2
6,2,6,3
2,2,2,2
2,2,2,2
6,4,6,9
2,2,2,18
3,6,14,4
7,3,4,19
2,23,6,2
3,3,3,4
2,2,9,13
10,6,4,23
2,5,5,2
6,17,2,8
9,6,6,4
6,3,2,2
4,3,2,2
4,9,2,4
4,6,2,23
4,17,2,2
5,4,4,6
6,3,14,5
3,5,12,9
2,3,6,2
6,3,2,6
5,2,9,3
9,2,20,6
4,6,19,3
6,3,5,14
2,2,2,2
3,23,3,7
3,3,6,2
2,2,2,2
3,6,6,19
2,3,12,6
4,9,6,3
5,19,2,6
4,6,2,2
3,6,15,13
3,2,2,10
18,6,2,6
2,5,6,6
5,6,6,16
3,25,2,3
4,6,21,6
3,6,19,4
2,6,2,6
3,6,3,2
2,3,25,2
2,20,6,6
6,15,7,4
5,2,9,2
2,17,4,2
6,16,4,2
6,3,6,6
3,5,2,6
6,4,28,3
5,24,3,6
16,7,6,2
6,6,3,6
22,4,6,4
6,3,12,21
3,22,4,10
6,6,4,19
6,6,4,3
2,2,20,2
3,6,4,3
2,4,2,6
9,5,5,6
4,6,6,16
5,5,16,2
24,2,3,3
15,5,2,9
11,21,4,6
4,19,10,4
6,3,26,3
9,5,2,6
6,6,2,6
2,6,2,4
6,4,2,2
3,2,28,4
2,2,16,6
6,3,2,2
6,12,3,6
4,4,6,12
3,6,4,5
6,6,6,19
3,5,5,3
4,6,9,9
4,6,7,18
23,4,2,4
2,5,6,24
2,6,2,23
6,6,5,3
17,4,6,2
6,4,21,18
2,2,6,11
15,5,14,2
2,2,2,15
24,6,3,4
8,6,6,3
6,2,2,16
6,2,2,18
6,4,9,21
6,13,7,6
2,9,3,15
16,2,2,4
6,6,6,6
2,6,5,16
6,2,6,5
15,4,2,10
3,4,3,5
6,2,3,4
17,2,15,6
6,3,2,2
6,3,7,4
3,3,9,2
3,3,2,2
6,2,4,3
3,4,6,2
13,18,6,6
19,2,6,2
6,2,2,2
3,6,2,3
6,20,2,9
18,3,2,2
4,9,3,4
2,6,20,8
6,5,9,3
6,2,2,8
5,9,18,6
6,6,3,18
6,3,6,4
6,18,6,12
28,5,6,2
5,6,6,4
2,3,6,2
6,18,3,11
3,20,10,6
2,6,2,2
4,2,3,3
9,5,2,6
2,3,16,2
6,6,20,15
5,6,6,6
6,4,6,4
4,6,4,6
2,6,19,6
6,4,6,18
9,3,3,24
6,3,6,4
6,6,2,23
14,2,14,2
5,6,13,2
19,2,6,6
2,4,4,6
25,3,2,3
18,9,4,5
20,3,6,4
6,9,17,3
6,2,6,15
6,5,2,11
6,3,2,6
11,9,2,2
6,6,5,6
9,9,3,16
6,20,6,6
2,6,3,2
5,6,6,4
2,25,3,2
5,6,6,21
21,6,2,2
6,24,11,2
4,5,3,2
16,6,6,9
4,3,2,21
2,2,2,6
5,9,3,19
5,9,9,6
6,3,6,14
2,2,3,9
6,3,24,2
3,6,3,2
11,2,3,22
3,5,4,13
5,4,12,6
13,4,4,16
6,12,9,4
22,10,3,6
15,3,6,2
19,9,6,4
6,2,6,5
3,15,13,6
5,2,5,22
4,3,6,9
6,12,3,6
4,6,16,8
2,4,9,4
5,3,7,6
15,12,6,2
2,12,18,6
6,2,2,4
9,2,3,9
3,2,2,2
8,20,10,3
3,21,9,4
6,2,3,2
4,12,3,3
6,2,2,3
2,2,12,23
2,2,2,2
2,3,23,3
20,4,4,2
6,2,12,4
2,2,2,11
11,19,3,6
6,6,6,2
6,3,4,21
15,2,2,2
4,4,2,5
6,2,2,4
6,4,22,6
3,4,6,6
3,26,2,2
21,6,6,6
4,9,4,9
4,2,2,6
6,11,2,12
4,5,6,6
18,2,6,2
3,26,3,12
18,6,8,6
6,3,4,19
9,13,3,7
2,2,5,2
6,3,3,6
2,2,2,2
15,2,3,3
4,3,3,6
4,15,8,2
2,4,6,3
3,6,6,4
21,4,18,3
5,3,9,4
3,2,5,6
9,9,2,6
3,6,2,17
11,6,2,6
3,6,3,3
5,3,9,2
3,6,9,5
6,6,2,2
5,3,4,6
3,6,14,6
3,5,3,6
2,6,16,3
2,4,17,2
2,2,15,2
2,19,3,2
3,4,6,5
3,2,6,17
2,22,2,2
9,6,21,2
4,3,6,22
15,19,2,2
2,28,2,4
5,3,25,6
6,5,11,5
3,6,15,8
4,6,6,4
19,3,2,2
2,2,2,2
6,5,6,15
5,6,2,22
4,3,16,2
2,6,9,6
2,2,2,15
6,6,6,9
2,3,4,6
2,12,20,6
2,2,2,2
20,2,3,2
2,3,4,6
2,2,13,8
9,6,6,3
3,10,17,5
6,6,4,6
6,5,6,24
2,3,3,2
6,18,2,2
3,3,6,3
2,3,19,6
3,21,2,2
6,4,6,9
2,3,2,28
22,2,2,3
23,3,5,5
19,4,2,14
12,4,5,4
4,6,2,6
6,4,4,17
2,4,19,2
3,2,2,21
3,6,9,2
6,3,6,6
2,2,6,2
2,6,23,2
3,26,3,18
21,2,9,2
3,24,2,3
23,8,2,3
2,2,2,2
6,3,2,6
19,3,9,5
2,6,2,6
2,16,3,2
2,6,3,3
6,3,6,10
3,6,14,2
17,7,6,4
3,24,6,6
3,4,2,6
2,23,3,2
5,5,6,3
3,4,3,6
2,2,6,2
4,2,6,2
5,12,3,3
2,8,23,6
6,2,6,3
16,9,3,3
3,6,18,8
3,18,2,6
16,6,6,5
2,6,20,10
3,3,9,2
2,15,26,2
16,4,4,18
24,2,2,3
6,4,6,6
22,3,4,3
3,6,3,6
6,6,3,5
2,3,20,6
24,5,6,2
9,3,8,5
6,6,4,14
6,3,2,6
5,4,6,12
4,2,2,15
6,6,3,6
9,4,2,4
5,3,5,4
11,6,3,15
2,20,6,6
20,6,6,5
12,6,6,2
2,20,2,2
6,2,18,6
16,3,5,9
6,2,19,6
4,6,7,6
2,2,9,3
4,6,2,2
3,3,15,2
5,4,4,2
6,16,11,6
2,9,8,6
3,2,6,4
6,2,4,21
7,2,4,10
2,6,13,2
2,14,6,6
14,2,9,2
6,4,3,2
6,6,6,6
9,9,4,4
6,4,6,4
4,9,6,8
9,12,6,5
24,3,6,4
6,3,2,18
9,6,3,5
2,2,2,2
6,6,6,6
4,12,2,21
6,2,8,6
2,5,6,6
3,2,6,19
6,4,2,4
5,6,18,2
3,2,2,19
18,5,7,6
9,4,4,9
5,5,4,21
6,6,4,6
6,2,4,6
2,9,3,4
6,12,4,11
4,9,6,9
3,5,6,2
22,6,3,2
18,4,10,4
2,2,5,3
3,5,3,27
2,6,6,4
8,6,6,2
4,21,2,4
6,17,6,4
2,18,5,3
13,18,6,7
14,5,2,6
6,2,4,3
2,6,2,9
3,6,5,23
9,7,4,6
2,6,4,6
4,3,6,6
6,5,4,5
6,5,6,3
4,6,18,2
6,6,5,6
3,3,18,2
6,2,2,13
3,3,5,2
5,6,6,6
6,6,2,6
6,5,6,9
6,24,2,3
6,3,2,2
2,9,4,3
2,5,2,3
4,9,7,4
2,2,17,17
3,9,6,15
4,5,5,7
4,2,6,2
2,2,3,20
3,2,4,6
4,4,4,6
6,6,6,6
3,4,5,2
6,2,26,3
9,2,4,15
2,2,9,4
14,2,2,6
3,22,6,3
2,6,2,4
3,20,6,2
21,2,6,5
6,5,4,6
13,2,25,6
6,3,3,6
6,2,14,17
3,2,6,6
18,6,2,12
6,6,10,6
3,2,23,3
3,26,3,2
4,2,2,5
2,2,9,12
3,2,3,6
2,6,6,6
6,13,6,13
6,6,4,4
9,21,2,6
20,5,6,6
2,2,2,2
4,6,2,22
6,6,8,2
20,3,2,6
2,2,5,2
6,3,6,9
2,2,6,3
4,2,2,2
2,4,12,3
6,2,9,24
2,2,22,6
21,5,2,2
6,4,3,25
14,4,15,3
2,6,6,18
3,2,2,4
6,6,6,4
4,5,6,2
3,6,6,2
5,6,6,6
3,6,9,2
3,3,6,19
6,24,3,4
2,2,2,2
16,6,6,6
2,2,2,2
3,14,3,3
2,15,9,4
2,6,6,6
2,19,4,2
3,4,5,25
6,2,6,23
6,2,5,6
6,2,6,6
2,2,2,2
13,6,3,6
2,2,3,6
3,20,2,2
2,4,4,6
6,6,9,18
4,4,22,4
2,3,5,24
6,16,2,9
5,4,4,6
9,2,6,19
6,3,6,2
19,2,6,3
2,20,4,2
6,3,23,3
24,5,2,5
6,6,6,21
5,6,15,16
5,5,4,19
3,4,22,5
3,6,2,12
4,2,6,2
6,3,2,21
3,16,6,6
9,6,8,16
21,2,6,9
6,7,3,6
5,16,2,2
5,6,6,5
5,2,16,2
13,2,2,6
2,5,5,9
2,3,4,5
6,5,6,2
6,4,15,6
6,6,3,19
2,16,6,9
4,5,4,4
9,6,6,6
6,21,3,2
7,24,4,3
2,6,2,6
5,6,6,3
5,4,20,2
2,2,2,2
3,6,2,22
17,6,4,6
2,6,6,3
4,3,21,2
2,9,6,9
6,6,5,3
6,2,13,2
4,6,6,6
2,2,9,3
3,2,6,6
3,5,18,2
28,2,2,5
5,3,6,2
2,6,2,3
3,5,21,2
4,11,21,2
5,2,6,2
2,5,2,6
2,2,2,2
2,3,22,4
6,3,3,2
6,4,2,6
6,18,3,3
6,6,3,6
2,6,19,6
2,6,4,2
2,2,2,2
3,4,6,3
8,2,6,2
6,4,4,6
2,3,19,14
6,5,19,2
4,6,6,17
2,6,2,9
2,6,6,24
21,6,2,4
9,11,4,7
9,6,6,6
18,4,6,6
6,6,6,5
2,25,9,6
13,9,16,4
19,6,2,5
17,3,3,4
3,5,2,4
6,3,23,2
6,6,3,6
14,13,15,2
15,9,21,2
3,2,6,6
3,6,5,24
8,5,3,15
6,7,12,10
3,6,6,23
6,2,2,20
6,22,6,2
6,6,2,2
6,2,6,17
13,3,19,2
6,6,3,17
2,6,17,3
3,3,10,18
14,2,6,4
4,4,6,2
2,3,6,6
11,14,5,6
3,2,4,18
6,2,2,2
2,6,2,14
6,2,6,3
22,2,2,17
2,6,3,20
6,2,2,15
2,4,2,9
8,4,22,6
3,6,2,20
4,15,22,3
5,6,6,5
12,2,6,4
17,9,6,5
3,2,2,9
6,2,4,2
2,12,2,2
9,6,4,5
3,6,6,3
3,8,3,6
6,2,17,14
5,6,18,4
2,5,4,3
2,5,2,4
6,6,6,4
16,2,2,2
9,22,9,4
7,6,5,6
6,6,15,14
6,2,3,9
2,6,22,3
6,6,4,5
2,2,2,2
7,23,6,4
16,5,6,14
12,2,2,3
12,4,6,7
2,2,3,6
6,2,14,6
2,2,4,3
6,9,23,6
6,6,6,3
2,14,20,6
2,6,2,22
3,9,2,15
3,2,17,7
2,3,6,2
6,6,5,2
6,2,6,23
2,6,6,9
3,4,6,6
3,2,5,4
2,3,22,2
4,6,17,9
3,2,6,12
9,21,2,3
5,4,5,6
23,4,6,3
2,8,19,6
2,24,4,4
18,6,3,3
2,6,2,22
6,6,15,3
2,14,21,6
2,4,2,5
18,6,6,13
3,19,2,2
2,2,2,2
9,3,4,3
5,4,6,26
4,4,20,6
3,4,15,3
14,4,19,9
2,23,2,3
22,5,6,6
6,2,12,6
9,3,3,2
2,17,6,6
6,3,7,6
2,5,2,6
4,2,21,13
6,4,21,2
6,2,2,2
2,2,27,2
6,4,5,6
9,6,2,16
3,6,4,2
3,23,3,4
3,6,6,6
6,14,6,5
3,6,5,2
2,14,6,3
12,6,8,12
2,23,2,3
17,6,3,5
19,6,3,9
14,4,2,9
6,4,6,6
2,2,14,6
2,5,3,3
3,6,6,27
9,6,3,4
15,6,6,21
2,2,4,14
21,2,6,2
28,3,4,4
6,15,3,4
2,2,2,26
3,4,2,25
19,8,6,6
22,4,6,6
3,22,2,3
4,3,16,12
15,9,3,2
2,4,2,5
3,6,9,4
18,2,5,2
3,11,6,18
6,6,5,2
7,12,2,19
6,3,6,2
2,2,2,2
6,11,5,5
12,14,17,3
9,4,24,6
2,4,6,3
2,9,2,6
16,2,2,2
2,6,2,22
6,6,4,6
14,5,3,6
24,4,6,8
6,2,4,18
2,3,21,2
7,4,6,19
4,2,18,2
2,2,9,3
2,9,2,2
2,6,4,5
3,17,9,3
2,6,9,3
23,3,2,6
3,15,12,3
6,3,23,2
2,6,5,6
2,4,6,2
6,12,4,6
18,6,2,3
3,24,3,6
2,2,3,2
2,3,6,6
23,2,2,6
6,4,2,4
6,10,6,2
21,6,3,3
20,2,3,3
24,6,6,9
16,6,5,6
6,2,23,2
4,3,6,4
6,3,3,6
3,3,3,6
6,6,5,12
2,6,9,2
2,9,9,3
4,2,6,15
2,3,2,6
6,2,22,4
3,4,6,6
9,6,3,2
3,11,22,3
3,2,3,2
8,6,2,15
6,18,6,6
2,3,2,6
2,12,6,6
4,6,6,12
16,6,5,16
18,3,2,8
3,6,3,3
6,9,13,2
2,3,6,6
2,2,2,2
21,4,9,5
2,6,3,11
9,2,15,14
6,4,2,18
21,2,2,2
25,6,2,2
6,3,2,2
7,12,3,4
18,10,2,4
5,12,20,6
19,6,2,5
6,4,9,3
3,2,4,19
2,17,6,3
6,7,6,5
14,2,6,2
2,26,2,2
2,3,18,3
3,9,6,4
2,2,2,2
3,4,4,4
6,6,19,21
9,5,4,6
19,12,3,2
9,6,3,18
3,2,2,6
3,6,6,6
6,2,2,2
14,6,3,22
3,2,23,6
4,4,4,16
2,2,2,4
22,4,2,9
9,13,3,2
8,21,15,4
6,15,8,9
2,18,3,2
3,6,24,6
7,12,2,19
4,2,9,3
5,4,24,6
4,3,3,5
3,9,6,5
6,6,14,2
2,4,4,9
26,6,2,2
6,27,2,6
2,2,6,2
3,2,3,6
6,3,6,6
3,2,2,2
9,3,2,6
2,9,7,18
3,4,2,9
3,24,5,3
17,9,6,3
3,6,21,3
5,15,6,3
4,2,17,21
2,4,4,2
10,13,5,4
9,2,2,3
19,2,11,4
15,26,5,2
6,3,4,19
5,3,2,6
2,6,6,18
16,3,6,6
2,3,2,13
3,6,22,2
4,27,3,2
2,6,6,2
3,20,4,2
3,2,2,3
2,3,6,2
6,3,6,2
2,3,2,4
2,28,9,2
6,6,6,6
6,2,15,4
13,9,6,5
5,6,17,6
6,14,2,12
2,6,4,2
10,6,6,6
6,15,6,6
4,6,6,4
2,2,3,6
3,2,6,20
19,6,3,5
20,2,3,3
2,3,3,9
15,6,2,14
2,26,6,4
15,11,2,6
3,6,3,2
4,2,6,4
2,6,2,6
6,2,4,4
6,27,6,5
6,20,2,3
3,4,2,7
22,3,6,6
2,2,2,2
2,5,3,3
4,2,2,6
4,3,6,28
6,9,6,15
5,6,3,6
2,19,3,2
6,18,6,6
2,2,2,2
6,2,3,2
4,2,5,3
3,4,6,5
2,2,2,2
6,3,21,6
2,22,5,6
2,2,21,4
2,21,2,2
3,2,20,6
2,5,19,6
2,2,18,6
2,6,4,3
6,6,4,3
5,3,2,2
9,3,2,6
3,4,6,12
2,6,4,3
12,3,20,7
26,6,3,3
3,6,6,18
2,3,15,2
13,2,4,6
2,19,6,2
2,6,2,2
10,15,6,10
5,9,5,6
13,6,6,4
3,2,21,4
3,3,3,9
5,5,6,3
5,2,15,2
4,2,2,3
5,3,2,3
6,22,6,5
5,2,2,6
6,3,3,4
6,6,2,22
3,6,3,16
3,14,3,6
2,2,2,2
6,4,6,13
4,4,2,4
6,2,16,9
2,2,4,4
2,3,21,4
4,6,6,4
6,2,4,6
4,6,4,6
6,3,6,24
5,6,6,5
6,16,2,3
6,6,4,9
2,6,6,4
2,2,4,6
3,6,6,21
3,17,12,3
3,6,2,15
22,3,3,2
17,6,5,3
3,2,4,6
23,15,4,4
6,23,2,9
6,6,2,3
2,2,6,6
3,3,4,5
2,6,11,6
9,9,6,2
2,2,3,9
6,6,5,22
9,6,2,11
2,2,2,22
6,3,6,4
4,6,9,5
2,2,6,18
3,9,3,4
4,3,7,9
5,2,12,6
2,3,3,6
3,6,3,6
2,2,2,2
2,3,21,6
2,2,3,14
2,26,2,5
2,5,15,5
19,24,2,6
26,5,3,2
4,19,2,3
5,3,2,19
6,6,3,9
3,6,18,9
6,14,4,15
2,3,16,4
2,6,6,2
3,25,4,4
6,2,2,3
3,6,3,9
12,17,6,8
6,2,9,2
2,6,6,3
5,3,3,4
9,2,4,19
3,2,26,2
2,27,2,3
4,9,5,2
7,6,6,9
2,2,24,6
2,13,5,9
6,25,2,3
6,2,20,2
3,4,18,3
2,18,2,6
9,2,6,4
6,3,2,3
5,6,6,16
2,3,3,6
6,6,3,2
6,6,6,3
12,5,2,17
2,2,2,14
6,3,6,6
3,3,6,6
3,2,6,2
2,2,4,2
3,9,6,6
3,6,3,21
14,6,2,2
22,6,3,4
6,6,6,6
3,10,24,2
2,3,2,9
2,21,4,2
6,21,6,2
25,6,4,2
2,2,2,2
6,4,6,6
6,2,2,3
8,6,9,14
3,6,4,3
3,5,2,3
2,2,9,18
2,26,6,3
2,12,18,2
2,3,6,6
2,4,6,2
4,6,3,3
6,9,4,7
6,4,2,22
13,3,14,2
2,6,6,2
2,17,6,5
3,19,6,3
6,11,6,3
2,2,2,25
3,6,2,14
2,12,6,3
2,6,16,2
6,6,6,5
2,2,2,2
2,3,5,6
20,4,4,6
4,3,3,2
2,2,6,5
9,4,6,6
9,6,6,2
5,2,4,6
3,5,2,27
3,23,6,6
2,2,2,2
6,5,6,18
3,4,4,4
2,2,2,2
6,3,6,4
4,18,5,2
6,3,2,2
2,3,9,2
6,6,2,2
6,3,11,14
2,6,6,15
6,6,3,3
3,2,6,4
14,6,6,4
6,2,2,28
4,2,6,2
6,9,15,17
3,3,4,4
21,2,4,4
2,2,2,2
4,6,4,6
3,22,4,6
2,15,2,3
6,5,3,5
7,4,9,6
3,9,2,6
24,6,6,3
6,6,3,3
2,4,2,6
2,3,3,9
6,6,8,3
6,6,6,5
2,6,2,19
23,3,2,6
6,3,6,18
3,6,20,3
20,6,6,6
2,4,2,24
15,2,14,4
2,28,2,2
4,2,22,5
5,4,2,2
6,6,6,14
6,22,6,3
18,2,3,2
2,6,3,9
11,4,5,18
7,2,19,2
23,4,6,3
6,6,12,3
5,6,6,13
6,2,6,6
4,6,3,2
2,6,2,3
22,3,2,9
2,4,5,6
2,6,6,3
5,5,2,23
6,6,15,2
6,6,2,4
2,6,2,10
5,2,6,9
2,21,2,6
11,9,5,4
3,13,6,2
2,13,2,2
6,6,9,13
6,2,2,19
3,6,6,4
3,3,2,6
9,17,2,3
2,28,3,4
5,9,2,3
3,6,6,5
3,6,27,4
6,6,6,7
9,9,6,19
2,3,10,2
18,6,6,6
10,6,2,3
4,3,9,3
6,2,5,4
5,6,2,4
2,3,14,21
16,4,8,6
11,21,3,3
3,2,2,28
2,3,6,2
2,19,2,12
5,15,5,4
3,2,2,20
2,2,4,15
2,2,6,3
24,9,2,6
5,6,3,12
6,5,2,6
6,2,6,22
6,5,5,6
5,9,6,6
21,11,2,4
3,2,5,6
2,3,2,28
25,6,3,2
6,3,5,2
5,25,3,2
3,2,6,2
23,6,3,9
6,2,2,3
3,24,3,4
5,4,2,4
6,2,3,4
6,6,4,22
22,3,6,5
6,2,6,6
2,2,6,2
3,6,13,4
3,6,6,6
6,2,2,21
6,7,4,17
6,6,2,21
4,4,6,6
6,9,5,2
3,2,2,4
4,11,16,3
22,3,3,2
6,24,6,3
3,2,4,2
12,2,18,2
3,6,2,6
2,9,12,6
6,4,2,5
6,14,2,2
19,6,7,6
2,12,6,24
6,12,5,5
10,9,17,6
6,4,3,6
16,2,2,3
12,2,3,6
2,2,22,4
27,5,2,2
6,2,15,5
6,4,2,6
6,6,3,2
5,3,3,9
2,2,2,2
6,2,2,2
5,2,9,6
6,6,6,9
4,19,9,3
2,2,2,26
3,6,6,9
6,4,5,21
6,6,6,4
6,6,3,12
3,9,3,4
20,2,6,11
2,3,12,6
3,2,6,6
3,9,6,3
20,3,13,5
3,20,6,2
3,6,9,6
6,2,4,3
2,2,21,3
15,20,2,4
2,2,2,2
2,2,18,14
3,4,2,3
2,2,2,2
4,18,6,3
3,2,6,4
6,4,2,9
27,3,6,3
12,2,22,3
22,3,12,6
5,4,18,6
9,6,12,6
2,28,2,2
2,6,14,5
6,3,6,3
15,3,2,6
9,2,6,4
5,6,25,2
6,3,6,5
22,2,2,2
2,6,2,2
9,2,6,6
19,3,6,3
3,6,5,5
2,6,9,2
2,4,4,24
20,2,2,2
2,21,2,5
27,2,2,4
22,2,5,2
6,3,3,6
6,6,17,4
24,5,4,3
6,5,6,8
6,3,2,2
2,6,2,2
5,2,22,2
2,6,14,3
4,6,21,20
3,6,9,2
2,2,9,3
3,5,6,6
10,20,3,3
2,25,2,5
17,6,6,5
19,2,6,6
24,4,2,7
5,6,9,3
3,3,6,6
3,6,2,3
4,3,2,6
2,3,6,5
3,3,6,25
2,6,9,11
4,6,5,3
6,19,4,5
3,3,9,6
2,3,4,3
15,6,3,6
12,2,6,3
3,6,5,5
2,2,2,2
2,6,3,2
2,4,12,6
6,2,14,2
6,4,20,3
6,3,6,6
4,6,9,18
6,8,5,2
6,6,3,2
6,3,2,2
9,9,4,5
2,6,13,2
2,6,3,6
2,6,4,11
2,6,3,17
2,2,2,2
16,5,4,4
9,5,2,8
4,20,6,6
8,2,3,11
23,2,12,3
5,2,20,6
6,3,12,2
2,22,2,2
15,2,2,4
24,3,2,2
6,2,17,4
3,3,3,3
6,2,2,2
6,3,6,6
4,6,6,6
16,6,2,7
6,6,2,4
6,22,4,2
2,3,5,14
6,3,4,2
13,3,21,2
2,4,2,3
5,2,2,2
3,6,5,12
6,5,13,4
2,3,25,2
5,3,4,5
18,2,11,6
3,6,3,6
2,6,18,2
6,6,6,2
6,2,19,10
15,6,2,2
6,18,6,4
2,2,2,11
2,3,13,6
6,6,5,12
2,3,6,3
9,2,7,5
2,6,4,4
2,2,2,18
6,6,6,20
2,20,6,4
2,11,4,9
4,19,2,2
2,3,9,6
21,2,2,3
6,3,5,4
2,21,9,2
2,2,6,4
20,2,6,3
2,6,6,6
17,6,2,3
4,2,2,4
2,3,2,21
3,6,3,2
16,12,2,5
3,3,27,2
6,6,6,3
6,5,2,16
6,2,16,2
2,2,2,2
2,4,6,2
3,9,3,12
24,6,2,2
2,2,2,2
6,2,4,6
9,6,6,12
15,2,2,5
6,2,3,2
3,6,13,2
3,4,22,7
6,2,2,2
6,3,18,3
12,6,2,5
2,2,2,3
2,4,2,2
5,3,6,6
2,5,6,18
18,2,2,6
3,5,2,2
2,21,2,6
2,22,6,3
6,9,2,3
6,12,9,4
2,6,2,22
2,15,6,4
24,2,9,3
12,14,2,2
2,3,3,23
2,2,2,2
2,3,6,9
6,22,5,6
13,3,16,5
6,3,19,6
3,3,6,6
2,2,2,2
5,6,6,2
2,2,2,19
22,6,4,2
2,2,19,6
2,2,2,6
2,2,2,20
2,4,27,2
2,6,2,19
3,2,6,2
2,2,6,3
3,6,24,5
2,3,2,2
2,2,13,10
5,3,12,3
6,6,2,17
3,3,6,6
5,2,4,2
17,6,5,5
4,6,6,4
3,20,6,2
2,2,2,2
17,2,4,3
2,9,3,3
7,4,9,27
2,2,2,2
3,6,12,14
6,3,6,4
22,9,12,2
6,3,5,5
6,5,3,3
6,6,11,3
3,12,6,5
6,6,26,3
2,6,6,2
2,2,18,6
2,6,19,4
4,3,19,6
5,10,12,2
4,6,3,2
5,4,15,2
2,6,6,2
2,6,22,6
2,20,2,2
4,2,2,2
5,6,4,9
6,6,7,2
2,9,2,2
20,2,2,2
6,6,3,5
2,4,4,7
9,6,6,2
6,20,5,4
9,6,10,14
2,16,6,2
2,2,6,6
4,9,3,3
3,4,6,18
6,8,11,8
2,2,2,2
6,5,5,6
11,2,6,9
12,6,3,6
22,3,2,4
3,2,6,6
2,9,9,12
15,3,3,3
2,2,6,18
6,6,2,3
3,2,19,3
2,6,3,2
3,2,6,6
9,3,5,2
6,2,9,2
2,2,5,6
6,5,6,5
3,4,22,4
3,2,2,3
3,6,3,5
11,13,4,10
2,3,9,2
3,2,3,2
6,19,2,13
2,6,2,2
2,8,3,6
21,2,2,3
6,2,2,6
6,2,6,5
2,4,4,4
3,2,20,24
6,4,6,6
6,4,3,3
3,18,2,6
2,2,21,6
10,2,15,12
6,3,4,4
2,6,15,2
6,3,3,2
24,2,8,2
2,19,6,3
20,6,4,4
6,6,25,6
3,2,6,2
2,3,2,11
6,6,6,6
6,9,19,2
6,3,6,9
3,4,2,25
12,2,6,5
3,17,5,2
6,2,15,9
9,2,12,5
6,5,5,6
4,3,9,2
2,4,4,6
2,6,9,5
12,4,3,21
15,3,9,4
4,2,5,4
4,6,3,19
2,3,21,2
5,4,3,2
3,9,6,2
2,5,4,4
2,3,6,6
6,2,6,4
2,19,3,10
2,19,5,2
12,6,6,10
2,2,13,13
3,6,4,4
3,2,3,21
2,4,5,6
4,9,10,4
6,5,12,17
12,2,2,3
16,3,5,6
23,6,8,5
6,2,6,4
3,6,17,15
6,6,9,2
2,5,5,23
10,13,6,3
22,2,2,6
9,3,4,6
9,4,5,24
19,9,2,2
3,4,4,2
3,6,6,2
6,3,11,16
8,6,6,9
6,11,21,2
11,6,6,6
6,6,6,15
6,2,9,4
6,12,4,6
6,2,9,6
6,3,12,4
2,2,6,2
6,9,6,6
5,3,4,4
6,9,2,6
5,4,3,2
2,6,5,5
6,23,3,2
4,3,5,3
25,13,4,6
2,20,2,3
5,9,2,4
6,6,6,3
23,4,3,9
2,2,2,4
6,3,6,6
3,2,5,6
2,6,4,6
10,2,6,6
3,2,6,2
2,2,16,9
14,3,2,3
18,3,6,2
18,2,4,6
3,4,24,4
17,6,6,6
6,3,6,6
4,4,4,2
2,3,6,5
2,6,6,24
27,2,8,10
15,3,12,2
6,5,6,2
6,6,6,6
20,6,6,6
2,2,2,4
2,3,23,17
14,2,2,2
2,6,14,6
2,2,2,2
2,4,4,24
4,4,6,4
8,3,15,7
20,9,2,2
6,6,3,3
2,2,2,2
6,16,12,3
3,6,2,2
6,2,5,14
2,22,2,6
2,2,6,12
18,6,6,6
2,4,12,22
6,2,19,3
4,4,6,8
3,6,14,2
2,9,3,23
20,4,8,2
2,6,6,3
3,5,2,18
9,3,22,3
11,20,3,3
2,9,3,2
9,6,8,23
4,4,2,6
9,6,4,5
3,9,3,9
6,6,2,2
15,15,6,5
2,6,2,2
3,4,9,3
6,2,4,6
19,4,6,3
2,14,6,19
4,3,4,5
2,6,2,2
4,5,6,17
12,3,7,11
17,4,4,9
6,2,2,3
6,6,6,2
4,5,6,2
4,25,14,3
6,5,6,4
15,9,18,4
3,10,4,5
18,15,3,2
22,5,3,6
6,3,2,18
9,6,2,6
3,2,28,2
6,4,3,3
15,12,5,5
19,4,11,2
3,2,5,6
13,3,6,13
3,6,8,20
6,3,6,3
7,3,6,6
9,11,2,4
3,6,20,11
2,6,3,2
6,5,5,4
19,2,6,6
20,6,6,11
2,2,2,2
2,21,2,6
20,6,3,2
3,5,4,15
2,18,11,6
6,4,9,5
6,5,2,2
20,3,6,2
3,4,6,2
17,9,6,2
12,6,4,3
2,2,2,2
6,2,2,2
5,6,6,6
6,15,9,4
5,9,2,16
6,6,6,5
4,4,20,6
6,4,6,21
5,5,20,2
27,4,3,6
5,6,2,21
8,6,6,9
6,5,2,2
3,6,2,24
2,4,7,2
6,3,6,2
3,3,6,2
19,6,6,5
4,5,4,13
9,18,7,2
6,15,5,2
3,4,4,6
4,21,12,6
3,4,9,18
2,6,2,19
2,2,2,6
5,2,3,24
20,6,3,15
7,6,16,9
23,2,2,7
4,6,21,13
6,3,12,2
9,6,5,6
5,5,3,7
12,3,3,6
6,3,24,2
4,4,6,6
9,6,3,6
21,2,2,2
6,3,6,3
4,14,6,10
2,2,2,2
2,3,2,24
21,2,6,6
4,7,19,6
6,3,6,6
3,6,6,5
6,3,6,3
12,6,15,5
6,3,6,6
6,6,15,6
6,2,3,6
2,2,22,6
25,2,2,6
6,2,3,2
5,2,6,2
6,6,14,4
6,6,4,2
22,4,4,6
6,2,14,5
7,18,6,3
2,2,2,2
3,2,3,6
4,6,2,2
6,9,8,10
2,3,6,6
2,6,3,3
25,2,6,3
3,6,3,16
25,2,3,2
6,6,6,4
2,6,5,4
6,2,3,22
5,6,3,5
5,3,6,2
2,14,4,12
3,13,15,3
6,6,21,2
6,5,3,3
6,2,2,3
2,17,6,15
6,2,19,3
6,5,5,9
2,22,2,6
8,3,6,12
2,3,2,19
6,5,2,2
2,3,4,6
6,5,2,4
22,3,2,6
3,2,4,10
2,8,2,6
2,9,2,25
2,6,2,3
3,6,2,2
3,2,19,3
3,22,4,4
10,9,9,15
6,4,5,5
6,6,5,5
13,4,12,14
19,2,2,9
4,3,9,6
6,3,3,3
6,2,6,5
18,3,5,3
4,2,2,4
6,6,2,2
9,6,6,15
4,3,3,3
3,3,3,28
6,12,4,10
3,3,2,20
6,2,2,2
2,2,2,6
6,6,4,6
2,2,5,18
6,2,6,18
6,5,6,5
3,6,6,3
4,6,2,2
6,3,6,24
6,23,3,2
2,5,27,5
10,3,13,19
4,6,9,2
4,6,23,2
3,3,4,12
2,15,17,4
5,3,6,6
21,5,4,15
3,17,4,12
2,6,6,9
6,12,16,6
2,2,2,2
17,2,6,9
2,2,2,2
19,6,7,6
2,20,4,9
6,3,5,15
6,6,5,2
6,19,9,6
4,2,2,19
5,6,24,2
2,3,6,20
23,4,2,2
2,3,6,2
7,4,19,6
6,5,4,14
6,9,7,7
6,4,6,2
9,6,2,5
6,2,21,2
2,2,26,2
9,6,2,6
3,3,18,3
4,22,6,4
6,6,15,6
2,14,6,6
12,2,9,5
4,2,12,4
4,9,15,15
2,14,6,2
3,22,6,4
6,6,6,5
5,6,18,6
2,2,7,3
6,2,2,3
6,6,18,4
6,3,27,2
2,4,6,2
5,12,2,18
6,5,3,10
6,4,4,6
13,2,3,6
17,2,10,2
2,2,2,2
11,6,6,6
5,9,2,16
21,6,5,2
3,4,2,2
9,4,6,9
4,5,12,6
24,4,13,6
6,3,10,4
3,2,27,2
2,6,11,3
2,4,2,3
5,25,5,2
5,2,21,6
6,3,21,4
5,3,12,12
6,6,22,3
2,12,3,6
18,9,4,5
20,4,2,6
2,5,6,9
3,6,6,6
21,2,2,6
5,4,4,5
5,6,12,6
4,24,6,4
2,2,6,5
22,4,2,3
2,2,4,3
6,4,11,7
2,6,19,12
3,2,3,24
6,14,6,11
2,9,2,2
2,2,6,2
3,5,2,2
3,4,15,6
6,4,5,3
3,2,5,6
3,2,4,2
6,15,7,2
2,4,6,6
3,5,19,6
2,6,12,6
5,25,6,2
6,7,2,21
6,6,9,6
6,12,5,14
3,2,6,5
6,2,2,2
2,2,6,13
5,6,6,4
6,6,4,2
15,6,5,2
6,6,23,4
2,2,2,6
5,2,21,3
12,6,4,6
6,2,21,2
3,3,4,2
16,6,6,6
2,20,2,2
6,2,19,3
6,12,6,5
3,11,4,3
2,6,2,2
19,2,9,2
2,15,7,16
3,3,2,4
6,3,17,2
4,6,3,6
4,6,6,6
3,6,24,10
6,9,17,5
5,2,2,5
2,2,22,3
2,4,6,3
5,6,9,2
4,3,18,3
3,4,2,3
2,4,4,3
15,2,3,6
6,6,15,6
15,2,2,6
2,2,2,2
2,3,3,4
2,3,3,14
4,2,6,25
3,2,6,6
6,21,2,2
3,6,4,4
3,28,2,2
6,3,6,6
3,15,16,4
2,2,12,4
2,2,2,12
2,16,6,6
16,2,2,2
15,4,2,2
2,3,6,2
6,5,2,2
6,15,9,9
25,6,4,9
9,8,16,3
6,7,2,9
6,6,6,2
3,8,24,5
9,3,2,17
13,2,6,2
6,13,12,6
4,2,3,2
3,6,5,2
6,6,6,6
21,2,4,5
15,5,6,6
3,3,5,6
18,6,5,2
5,4,3,6
2,2,3,4
6,22,2,3
4,9,4,6
3,3,3,6
3,3,3,16
3,3,20,2
6,4,6,15
9,6,6,2
20,9,4,2
2,2,3,3
6,19,2,4
4,4,9,12
2,3,2,2
3,6,6,3
4,6,2,22
4,16,6,3
2,3,6,2
6,8,21,2
2,3,26,6
22,6,6,6
6,6,18,5
12,2,6,2
3,15,2,3
5,3,9,6
9,2,16,18
2,4,5,6
6,2,20,17
3,18,8,12
2,2,2,18
6,6,6,16
2,2,2,2
6,15,3,4
5,6,2,21
3,2,13,2
10,2,6,14
6,6,4,6
25,10,6,4
2,2,2,2
2,19,2,2
6,4,20,4
3,2,2,4
2,6,3,2
4,6,6,6
5,2,2,2
5,6,4,9
6,5,4,2
6,6,6,9
6,6,6,6
2,6,4,21
4,6,12,6
6,2,4,18
2,6,25,2
5,2,4,4
4,4,16,12
2,6,6,18
2,2,2,14
2,9,5,13
13,2,6,6
3,5,3,3
12,4,4,4
2,2,2,2
4,2,6,3
2,6,3,2
9,4,2,6
7,2,6,15
6,6,3,2
6,23,2,3
11,6,6,6
19,3,5,2
6,12,3,4
8,6,5,2
4,4,9,2
9,4,3,6
6,9,2,14
14,4,2,6
6,6,9,6
25,6,2,4
2,2,2,2
18,9,3,15
2,6,3,8
5,6,5,6
2,12,2,3
3,3,3,28
24,6,3,3
2,2,6,15
2,2,2,2
6,2,4,4
5,2,15,3
6,6,9,2
17,6,4,2
2,4,3,2
6,8,6,6
6,6,3,3
3,4,19,6
6,2,6,15
2,6,3,23
9,12,7,12
18,3,2,6
3,6,22,4
6,2,12,14
21,2,2,4
5,3,6,6
6,3,15,2
13,9,3,5
2,14,2,9
2,2,4,3
2,2,2,2
6,3,2,5
17,4,12,2
4,4,18,5
16,2,6,2
4,16,12,6
3,2,6,17
3,3,2,18
4,2,2,2
11,16,2,3
5,5,6,21
5,21,6,6
15,4,6,19
6,6,2,4
6,4,18,6
6,5,3,13
6,4,24,2
17,6,2,2
9,2,6,24
4,4,6,4
6,4,6,3
2,6,6,4
16,6,2,2
22,5,6,6
6,21,3,3
2,6,3,24
2,2,21,2
2,6,13,2
2,4,2,2
4,2,4,6
6,6,6,15
2,2,2,6
6,2,2,17
3,15,18,2
6,3,5,23
2,3,6,6
5,6,5,4
21,3,4,2
2,4,2,6
2,9,3,3
3,5,20,2
3,6,6,6
2,3,18,7
5,4,6,9
5,3,2,2
3,6,2,2
2,12,2,2
4,4,5,21
3,2,2,16
3,3,5,6
6,3,17,6
3,5,6,2
12,2,2,21
6,6,2,12
6,12,2,6
2,2,2,2
3,4,15,3
3,2,9,5
2,2,6,2
3,5,5,6
4,9,6,6
22,2,3,2
3,3,6,4
8,17,14,6
2,22,3,2
6,23,5,4
2,9,19,6
2,2,6,2
2,2,3,2
6,6,12,14
9,2,9,4
6,20,6,4
2,2,3,19
6,6,10,20
2,6,5,3
6,2,6,6
2,2,2,19
2,20,3,19
6,9,3,6
3,6,6,4
5,6,17,4
6,12,9,3
2,6,3,3
3,6,3,12
2,16,6,9
2,2,23,6
6,4,16,6
6,19,3,2
6,6,4,9
6,3,6,11
13,12,2,2
5,3,2,6
2,6,2,3
9,3,2,16
4,14,20,3
12,9,2,11
12,6,5,3
6,6,2,3
5,5,4,9
2,2,23,3
6,3,3,5
4,5,21,6
2,2,25,2
4,4,13,16
11,9,2,12
2,2,19,2
4,15,2,6
9,4,6,2
6,2,2,3
2,19,6,9
4,15,2,3
11,5,6,9
3,15,6,3
4,19,24,6
4,8,12,6
3,3,2,3
9,9,6,4
2,4,3,3
15,4,22,9
18,4,5,5
2,11,3,13
2,2,23,3
4,2,3,2
2,4,6,2
3,6,2,18
20,2,5,8
6,9,6,5
15,6,3,6
4,2,6,20
3,14,2,13
8,15,2,19
8,3,6,17
4,3,2,2
3,5,6,2
17,3,3,6
5,3,2,6
6,9,3,12
18,3,6,5
3,9,2,14
2,3,2,9
3,2,6,2
9,6,4,2
4,20,3,2
2,2,2,2
4,3,4,3
26,3,6,3
6,12,2,2
3,13,6,3
6,6,6,25
2,6,17,17
2,2,4,6
21,5,6,2
6,6,24,3
2,2,3,15
2,4,2,20
13,6,6,12
5,21,5,9
6,19,4,2
2,4,6,2
6,4,2,6
12,13,3,6
5,9,2,4
4,5,6,4
2,2,2,2
4,4,6,6
2,6,18,2
3,3,6,2
3,19,2,11
3,4,6,4
19,6,4,12
5,6,2,20
22,5,6,2
2,2,2,2
4,5,24,4
17,3,21,5
3,15,3,9
5,2,9,4
12,4,7,12
2,2,10,18
4,5,6,17
2,6,2,11
9,15,2,2
6,6,2,3
9,7,2,6
6,11,9,9
3,2,17,2
2,5,6,9
2,22,2,2
4,24,6,4
16,5,6,6
9,2,2,4
9,3,4,22
2,4,21,6
2,21,2,3
12,9,4,5
6,2,3,2
15,3,2,4
2,6,20,6
9,6,6,6
5,25,4,4
6,6,2,12
15,9,6,2
2,2,6,6
5,2,3,4
12,2,17,3
6,15,2,4
4,6,9,16
5,2,5,6
6,4,6,3
2,3,2,9
4,6,8,21
17,3,2,2
2,2,6,3
9,6,2,18
19,3,2,2
3,2,6,10
6,15,9,9
2,2,25,2
6,2,2,9
2,2,2,2
2,9,21,6
9,6,21,4
5,6,9,3
24,2,6,3
2,6,6,3
3,3,3,2
20,2,3,2
22,6,3,4
3,6,2,2
4,2,6,20
6,6,18,3
5,17,2,9
3,2,18,3
15,6,2,2
5,3,9,9
3,6,3,4
6,4,2,22
3,2,12,3
14,11,2,6
3,2,4,2
9,4,9,2
2,13,6,3
17,6,9,16
6,4,6,2
4,9,4,4
6,4,4,2
3,3,6,19
17,5,4,3
2,3,20,6
6,5,15,6
2,6,9,2
2,6,22,2
2,4,3,9
9,2,17,3
4,6,2,27
6,6,4,2
6,3,9,6
4,6,15,3
12,2,3,3
2,4,2,3
5,2,5,6
2,2,6,2
6,6,16,6
2,6,4,5
2,2,3,2
20,2,6,6
23,6,2,2
2,15,9,2
2,16,9,12
10,2,18,3
2,22,6,2
4,6,2,6
6,2,4,28
3,11,9,2
14,2,5,6
4,4,6,11
4,26,6,3
3,3,6,3
3,3,28,2
15,7,2,14
6,6,6,2
6,2,3,23
3,6,5,12
17,3,3,6
6,14,2,6
4,5,3,9
18,6,6,6
4,2,15,6
3,3,26,6
2,3,6,2
21,12,5,2
2,2,9,2
6,6,6,9
4,6,4,6
12,6,7,6
4,5,9,4
19,4,6,6
6,2,4,2
3,12,20,6
8,2,21,2
6,3,3,6
10,6,6,15
6,3,2,6
5,5,6,6
12,5,5,6
6,12,2,6
6,6,16,6
6,4,6,6
2,5,6,5
6,2,6,2
3,23,6,3
6,3,3,3
6,3,2,18
2,2,15,2
3,10,4,3
19,6,3,6
3,4,6,3
6,6,2,2
2,19,6,2
6,6,6,15
2,4,9,4
9,4,4,2
3,9,5,4
2,25,5,6
2,2,6,6
2,6,6,2
9,3,4,3
6,4,4,6
18,8,12,2
6,14,9,9
12,24,9,4
4,13,6,18
5,4,3,21
4,17,19,3
2,6,2,3
18,6,4,3
3,3,6,6
4,16,10,10
3,9,6,6
6,3,4,2
9,15,6,4
9,6,6,4
2,2,2,2
22,6,2,4
3,3,2,18
3,6,25,2
2,20,6,2
6,3,19,4
6,6,4,22
2,2,2,9
3,9,7,15
6,2,2,19
3,27,3,3
5,5,6,6
6,2,2,6
2,3,3,12
6,3,3,3
6,2,8,4
7,6,3,12
6,17,2,2
4,8,3,22
20,5,4,4
2,20,2,2
6,4,9,2
3,6,6,6
2,6,9,2
2,6,2,5
26,6,2,3
24,4,3,3
3,2,6,6
2,4,18,6
2,2,3,3
2,2,4,6
3,3,6,2
3,2,6,6
6,6,11,2
6,2,17,5
3,6,2,2
9,9,4,20
2,2,2,2
2,3,6,6
6,6,2,5
2,4,6,2
3,6,4,3
4,4,2,6
5,2,6,6
4,2,9,3
4,5,2,4
3,6,4,4
6,6,2,5
9,3,2,5
6,3,2,3
6,4,3,4
3,2,6,2
6,4,6,4
6,2,3,4
2,2,6,24
4,5,2,6
3,16,6,2
9,8,6,5
2,5,19,6
2,16,6,6
6,9,3,2
11,4,6,18
15,3,2,21
9,3,9,12
3,3,2,21
9,3,3,25
5,2,6,6
3,4,3,6
22,2,2,6
6,2,2,6
6,18,2,2
17,6,2,6
19,2,2,6
2,6,3,3
9,6,2,4
6,6,6,17
22,2,5,3
2,2,6,5
2,3,6,6
6,6,22,6
2,6,2,3
6,21,2,6
2,2,3,9
2,2,9,3
3,5,6,9
3,6,3,2
12,11,2,15
5,2,2,6
3,3,6,5
9,12,12,6
9,6,4,16
2,2,20,3
4,6,3,2
2,6,3,2
6,6,6,2
3,12,3,22
10,5,2,2
6,2,2,3
3,6,5,2
9,3,6,3
12,6,9,6
2,2,2,6
2,4,3,6
6,6,5,6
19,6,3,5
2,2,6,4
6,7,2,12
2,2,6,2
6,12,6,3
9,6,14,2
2,2,5,6
3,6,3,6
2,2,4,22
6,6,6,6
3,2,14,12
3,3,4,6
3,2,3,20
3,7,2,16
14,6,6,7
17,7,18,6
3,6,2,10
6,6,2,2
2,2,2,2
23,6,2,5
2,2,25,4
4,2,17,6
3,9,2,4
17,2,2,3
3,3,23,12
2,3,17,6
12,15,2,6
7,18,2,15
6,6,6,6
4,6,6,21
4,9,7,6
4,16,3,9
14,9,2,5
5,2,4,2
5,3,6,5
20,6,2,6
19,2,2,6
24,2,2,6
20,2,4,2
2,3,3,6
6,6,2,5
2,2,2,2
4,3,2,6
10,3,6,2
18,3,6,12
6,6,18,6
3,4,6,4
2,4,4,2
9,3,13,2
6,6,4,3
6,12,5,6
2,17,18,2
3,4,3,6
5,16,2,3
6,6,6,6
6,3,3,6
4,5,6,3
6,2,9,9
4,3,3,6
6,6,11,6
6,2,3,2
2,2,6,18
5,6,7,3
19,2,3,2
6,3,3,6
6,2,6,25
6,6,6,4
2,2,26,3
4,25,2,2
3,22,2,19
2,2,6,2
12,3,2,14
5,14,5,6
4,21,6,2
2,6,2,2
2,21,8,9
15,5,3,3
6,9,5,2
6,3,2,21
6,5,3,5
6,2,6,6
2,2,2,2
5,3,15,6
14,18,6,8
2,3,2,16
26,2,2,2
9,2,2,2
2,6,2,3
6,3,2,2
6,6,28,2
4,4,6,6
6,6,3,10
6,6,6,4
6,6,6,2
2,4,6,2
9,2,9,6
7,6,3,19
2,2,18,3
6,12,17,2
6,2,22,2
21,6,3,9
18,4,12,5
12,6,18,5
3,4,3,4
2,2,28,2
3,21,6,7
5,6,2,5
2,3,11,22
2,2,6,2
2,17,4,3
2,2,6,2
3,2,5,4
2,17,6,2
6,4,16,5
11,2,22,6
2,6,5,9
9,2,6,4
4,6,20,3
2,12,3,2
3,3,2,20
5,21,6,5
6,6,15,23
18,2,2,12
3,15,2,2
12,6,7,2
2,2,2,20
3,3,25,2
3,26,3,4
3,14,3,2
16,6,4,2
6,5,5,9
2,21,2,4
25,3,2,2
2,2,3,2
12,15,6,5
6,9,3,6
3,6,6,9
27,2,9,3
25,4,9,2
2,23,3,3
14,5,2,9
3,3,6,6
3,6,6,15
2,9,2,2
3,5,2,3
3,3,2,18
2,2,15,2
3,3,2,5
2,2,2,22
4,7,16,9
13,2,15,4
4,9,4,5
3,2,23,3
20,2,6,2
21,2,6,4
6,6,5,2
24,9,5,3
3,4,4,18
3,2,2,21
2,13,2,2
6,2,3,4
2,3,4,9
6,9,4,6
5,6,13,4
3,2,2,14
6,6,25,5
2,18,2,9
2,3,6,6
2,8,6,3
21,3,6,3
25,4,5,2
3,3,4,2
2,2,14,22
16,17,3,4
2,3,2,3
3,2,13,6
14,12,6,2
2,2,21,6
2,2,2,2
2,2,2,6
2,2,19,2
6,6,25,2
2,5,5,21
17,6,6,5
6,2,19,3
4,4,6,6
4,3,3,3
17,3,3,4
3,4,6,3
6,4,8,2
18,12,5,6
15,3,2,17
2,2,2,9
6,2,6,2
2,3,15,6
2,3,20,6
9,2,3,19
3,6,3,5
2,6,6,3
6,6,16,2
17,6,6,2
4,24,10,2
6,12,8,9
6,4,4,6
6,3,4,2
12,26,2,2
2,6,2,10
3,3,22,6
2,11,6,3
6,6,6,19
4,4,3,23
4,3,2,17
6,6,6,5
3,2,20,2
15,3,6,9
20,2,6,4
6,2,3,2
3,6,20,5
6,3,5,22
6,6,2,3
3,9,4,18
6,2,14,2
2,6,6,5
2,6,6,15
2,6,2,4
2,2,6,7
4,4,10,4
3,4,2,15
6,11,2,19
6,3,3,6
3,9,6,2
10,4,5,6
6,6,6,13
2,2,15,3
16,2,8,6
2,6,2,2
2,2,3,6
6,6,5,11
6,9,6,12
5,2,20,4
2,6,3,3
2,12,3,18
2,2,5,5
21,3,2,6
19,5,6,6
14,2,6,2
2,9,5,6
4,22,8,5
3,15,6,6
17,6,5,4
12,2,6,2
3,2,13,2
2,2,2,2
5,16,6,6
6,22,3,5
2,6,3,3
9,5,15,12
3,6,2,20
6,3,2,21
13,6,8,3
6,22,3,3
2,6,6,26
4,2,22,4
2,2,2,2
3,20,2,6
3,6,13,2
5,5,3,22
6,2,4,3
6,6,2,16
3,3,3,6
6,2,6,13
3,24,4,4
2,6,16,13
2,6,19,2
9,24,2,6
6,3,2,5
2,6,16,2
2,6,6,6
18,2,5,9
3,2,3,3
3,5,2,22
9,2,6,6
4,3,15,17
6,6,6,5
26,4,2,3
6,6,2,6
5,15,6,6
3,4,2,4
2,6,2,4
14,2,7,6
4,16,6,12
10,6,18,9
6,5,2,3
6,6,3,6
18,6,2,2
2,2,3,6
18,3,2,21
3,3,6,2
2,21,6,2
2,7,9,9
3,24,6,3
3,6,3,4
6,4,15,2
21,6,16,2
6,6,3,2
2,3,3,2
5,6,2,4
2,4,4,6
6,4,25,6
3,2,2,9
23,3,6,5
2,6,5,6
6,6,16,6
15,4,2,2
2,26,3,6
2,21,8,2
6,2,9,6
2,4,5,4
2,2,2,22
2,2,2,21
3,6,3,6
4,21,6,2
2,2,4,5
2,9,3,2
14,6,12,3
2,25,6,6
12,6,13,12
3,2,6,4
3,6,6,6
3,4,6,6
9,15,2,6
6,3,6,17
2,16,2,18
5,2,2,4
12,4,2,22
2,6,3,6
4,4,6,2
22,2,2,9
6,6,19,6
3,4,23,2
4,4,3,4
24,6,3,2
6,2,9,21
6,3,6,4
2,2,19,6
2,6,24,2
6,6,6,20
4,3,6,6
2,3,2,2
4,17,6,2
6,2,3,2
2,2,6,4
6,6,6,6
2,2,18,2
17,3,19,3
9,18,9,4
19,6,4,3
17,6,6,5
2,16,6,3
12,6,3,13
9,3,2,6
3,2,3,6
3,6,2,22
4,3,2,6
6,6,2,5
11,2,3,18
5,2,4,3
2,6,2,20
4,6,9,3
2,6,3,2
3,4,6,6
3,12,3,3
6,2,2,6
2,3,6,21
2,6,23,2
6,8,2,2
12,2,2,3
3,6,2,26
7,12,6,6
3,6,2,3
4,3,4,5
23,15,3,2
4,4,18,6
21,6,3,3
6,2,2,3
2,6,8,2
10,18,13,3
6,2,13,2
9,6,6,6
3,2,5,12
2,2,4,15
19,6,2,8
9,6,4,5
4,22,6,13
3,2,4,2
18,2,23,2
2,6,14,11
3,11,15,3
10,6,3,20
2,3,6,6
7,17,10,3
3,9,6,4
2,22,4,3
2,2,2,23
4,6,3,3
2,2,9,6
5,18,3,6
6,6,5,4
2,2,2,2
12,4,20,2
3,6,22,4
2,6,5,3
2,26,6,3
6,5,12,6
2,3,3,12
18,3,4,3
3,2,6,6
6,5,3,6
2,2,2,2
6,6,6,5
3,6,6,4
2,6,3,3
3,3,6,2
6,12,3,6
3,6,5,9
6,3,3,19
6,6,5,2
6,3,2,24
2,2,2,2
12,2,4,21
2,18,2,2
2,4,6,6
2,17,2,2
6,6,9,2
6,6,9,2
6,2,2,22
12,17,4,6
8,3,19,6
17,6,10,9
3,4,4,2
15,2,18,2
2,6,2,3
16,2,4,9
5,3,6,15
6,4,6,6
2,6,3,6
17,4,14,3
16,2,6,3
4,6,6,3
4,24,4,2
19,2,9,3
2,5,6,6
6,19,6,3
2,26,3,2
2,6,2,5
5,2,6,6
22,9,4,2
23,2,4,4
6,6,3,4
3,9,6,6
6,2,8,2
3,15,8,3
20,4,12,6
7,6,5,3
21,2,3,5
4,4,5,6
2,16,3,6
6,16,4,3
4,23,2,6
4,6,2,4
4,6,4,11
4,2,9,2
6,3,3,4
6,4,3,9
6,4,15,9
9,9,2,3
2,6,3,3
20,3,2,2
3,2,3,6
6,6,3,9
4,13,4,5
6,2,6,20
21,2,3,6
5,12,3,3
2,2,24,2
6,5,6,6
6,2,2,4
4,2,9,3
2,4,6,24
4,3,6,16
6,6,6,2
4,5,3,6
14,11,10,6
4,18,6,4
4,6,5,12
17,6,2,16
3,9,9,14
3,5,16,2
6,3,5,9
22,4,2,13
3,16,2,6
3,6,6,17
6,3,20,3
3,23,3,2
9,4,4,20
17,2,6,6
2,2,2,2
2,8,6,3
3,2,2,2
6,2,6,4
3,2,6,2
4,2,2,3
6,2,9,5
6,6,2,6
13,6,3,7
2,2,2,2
5,4,12,2
2,6,21,3
3,5,2,6
4,16,2,5
9,3,4,6
4,4,5,3
4,4,4,2
6,18,6,4
3,6,2,3
18,2,2,9
15,9,2,2
3,2,2,21
3,2,5,4
6,2,6,6
3,21,6,2
2,2,2,2
2,2,2,2
3,2,26,4
6,3,19,4
6,6,4,6
2,3,21,6
2,9,4,25
6,2,6,16
2,3,6,6
3,10,6,11
12,8,13,6
3,2,2,22
3,6,3,6
5,3,3,5
12,5,3,4
2,9,3,2
5,23,5,6
6,2,15,17
5,6,4,6
2,11,5,6
6,2,5,4
17,9,2,9
6,9,8,18
9,2,2,3
12,2,4,4
4,5,3,6
6,2,6,22
2,2,2,2
2,6,6,3
6,6,15,6
4,6,5,4
6,2,3,25
19,4,2,11
6,2,6,5
9,3,11,20
5,2,5,5
15,2,3,2
14,3,15,22
5,6,3,9
13,6,6,4
21,15,2,10
2,16,4,6
9,14,9,7
4,2,6,6
3,6,6,6
6,3,6,3
3,2,6,3
2,2,4,5
3,14,4,6
7,5,6,3
6,5,2,6
2,3,3,9
4,9,2,3
2,4,6,2
4,3,4,3
6,2,6,4
6,4,3,3
4,3,5,3
2,3,2,3
4,6,6,2
21,9,6,3
4,2,28,4
3,9,3,17
6,10,13,9
6,9,2,3
4,2,2,5
8,7,14,4
2,9,4,3
6,18,10,5
3,4,15,9
3,2,3,2
4,4,14,10
2,6,2,3
23,3,6,3
11,4,4,3
2,2,16,6
6,4,11,10
3,3,20,5
5,3,2,6
4,2,3,5
4,3,6,6
2,3,3,20
22,6,6,6
3,6,9,5
17,3,3,3
6,2,3,6
2,19,5,6
5,3,15,3
21,3,5,6
18,6,6,4
8,7,6,5
2,21,5,6
4,6,6,3
19,5,9,6
9,9,2,5
6,2,5,9
9,13,13,3
6,12,2,3
5,2,9,2
2,19,9,2
2,4,6,20
5,6,6,3
6,6,4,2
15,3,4,6
2,2,2,2
6,3,4,2
5,9,4,6
6,6,3,3
4,14,2,6
2,2,3,9
2,2,4,16
2,3,4,4
2,2,9,2
4,2,3,15
6,6,5,3
2,6,16,5
3,3,26,2
18,3,4,3
9,5,3,6
6,4,4,2
2,2,2,2
2,17,11,9
21,5,2,6
15,3,5,11
9,3,15,6
2,16,2,17
13,2,2,6
6,6,4,6
2,2,2,2
3,28,2,3
6,6,5,2
17,15,12,6
21,2,6,2
4,2,28,6
2,2,21,21
3,2,2,14
6,5,6,6
6,9,2,6
6,2,9,2
3,3,2,4
18,14,5,2
5,18,6,14
2,13,3,2
2,2,3,5
3,4,4,3
9,6,3,2
2,2,6,2
3,25,2,3
6,18,4,2
9,22,4,4
2,2,2,2
6,6,17,6
6,6,2,3
3,6,6,20
6,6,2,18
6,18,3,6
6,18,5,2
6,6,2,21
6,2,3,2
2,3,3,2
9,3,18,2
8,6,9,20
2,4,13,16
2,2,10,21
2,2,2,2
3,3,3,20
3,17,2,4
2,6,4,2
3,6,4,6
4,3,6,3
6,2,16,6
2,2,2,2
2,6,16,4
21,6,2,4
6,4,6,6
17,6,6,3
4,5,4,4
2,2,2,6
18,2,3,15
6,6,3,6
2,12,2,2
4,9,6,9
5,23,3,5
4,5,2,2
2,2,2,2
6,2,6,26
2,2,4,6
6,4,2,4
2,3,6,16
21,6,2,4
6,18,2,7
6,3,6,15
3,22,4,9
2,2,2,2
15,6,2,5
14,6,8,4
15,2,3,2
3,6,14,6
7,4,9,3
2,2,6,2
3,23,3,2
2,18,5,7
2,4,9,6
20,3,2,3
5,6,7,6
4,11,2,18
6,20,4,2
2,3,6,2
2,2,2,2
3,6,6,6
6,4,20,3
18,6,5,2
2,6,2,2
4,10,6,6
2,2,6,25
13,6,9,6
6,3,14,6
2,4,4,3
3,6,3,3
23,2,8,6
3,3,3,2
2,6,3,3
3,2,24,5
9,2,3,3
2,2,2,2
24,3,6,2
4,9,6,16
2,2,2,12
3,3,3,6
6,2,3,2
21,12,2,2
2,6,2,22
3,2,4,4
6,4,3,3
20,4,2,6
6,9,4,6
2,6,2,25
6,22,2,4
5,4,12,6
4,3,5,27
19,5,6,2
2,9,2,2
6,2,3,5
2,4,24,2
2,2,6,5
6,6,6,3
2,9,6,5
2,2,2,6
2,22,3,6
2,2,4,3
2,2,2,2
5,18,6,3
2,2,2,2
3,20,21,3
6,16,2,6
6,2,19,4
2,3,2,6
10,6,2,17
2,2,17,6
5,21,2,4
9,18,2,3
3,18,2,6
5,6,3,6
20,6,3,3
5,2,14,6
6,2,2,15
3,26,2,6
2,24,6,2
11,3,6,9
6,6,6,2
2,9,2,6
2,3,2,9
4,2,3,4
2,6,2,6
4,3,9,19
18,3,3,5
22,4,6,2
3,2,2,4
6,2,3,6
17,3,3,8
2,3,4,15
12,16,2,3
4,6,9,4
4,2,6,3
2,2,19,8
3,2,2,6
19,6,5,5
2,2,3,3
4,2,6,2
6,2,6,20
15,3,6,6
15,11,8,6
3,6,6,16
2,9,6,6
3,2,22,2
3,15,2,8
2,21,2,14
9,21,3,6
6,4,6,4
9,5,23,9
2,5,9,6
6,4,9,5
2,2,4,6
4,4,6,6
2,9,2,22
3,26,6,2
12,6,5,3
5,10,3,3
6,2,3,6
4,6,3,2
12,6,5,19
27,2,2,4
5,6,8,3
8,2,2,16
3,6,13,14
2,21,6,6
19,6,3,5
12,2,2,6
6,6,9,6
10,5,2,5
5,5,6,6
21,6,2,14
5,6,16,4
6,6,3,6
15,3,4,2
6,6,16,15
6,20,6,6
6,2,11,4
3,13,10,9
6,2,2,2
11,2,6,3
2,15,3,9
5,4,3,3
6,4,6,6
3,19,6,3
6,10,5,6
4,6,3,4
6,9,6,6
3,6,12,9
9,2,2,2
3,4,4,9
6,4,6,6
5,6,3,2
2,3,6,4
6,2,2,3
6,3,2,2
3,9,8,6
9,2,6,6
13,2,2,8
2,2,2,2
2,4,17,9
4,9,3,5
6,5,3,9
9,4,2,3
3,2,2,6
2,9,2,6
15,13,3,6
7,15,2,6
9,3,2,6
3,22,2,6
6,6,11,5
12,3,6,3
6,4,13,2
6,10,6,9
2,3,5,22
2,12,9,19
17,2,2,6
6,6,2,3
3,6,6,12
2,15,3,6
5,4,6,4
3,9,4,24
6,17,3,8
6,6,6,2
17,2,3,8
2,5,22,2
6,20,2,6
12,12,2,18
2,5,3,2
4,2,2,3
3,6,2,6
4,3,6,3
3,2,2,22
8,6,20,3
6,2,9,6
3,6,2,6
6,2,2,6
17,3,6,2
6,6,6,6
7,2,4,24
18,9,5,6
2,4,6,6
13,2,2,2
4,4,12,14
14,9,20,2
3,3,3,25
2,2,2,2
2,6,6,2
19,6,2,2
2,9,3,4
2,3,4,6
6,2,6,2
6,6,3,6
3,20,2,6
6,22,6,3
6,3,6,18
4,2,12,3
2,23,3,6
4,4,3,3
4,6,3,6
3,19,3,2
6,3,3,3
2,14,2,3
9,3,3,3
18,4,6,6
6,6,2,15
2,3,17,6
4,3,2,3
5,6,16,3
6,19,6,6
2,6,20,4
2,18,5,6
3,2,22,6
2,6,6,21
6,2,2,6
4,6,2,2
6,4,6,2
6,17,6,2
3,2,6,5
7,3,2,3
2,21,2,12
9,6,2,2
2,5,16,2
6,6,19,3
9,12,11,8
3,2,2,5
4,4,6,6
2,2,2,2
9,6,3,2
3,2,12,20
3,6,2,27
2,6,9,6
6,2,10,2
2,19,2,2
6,2,24,4
4,21,2,2
19,2,6,2
4,9,2,5
6,20,2,6
3,2,9,3
4,12,5,9
6,6,6,6
5,9,5,6
2,24,3,3
9,4,13,6
3,2,3,3
3,6,20,6
5,4,8,6
3,18,2,3
12,3,4,6
6,6,6,6
6,6,6,2
6,2,2,8
6,6,18,5
17,2,2,4
9,6,20,2
9,6,3,2
9,5,6,6
2,4,2,3
21,6,3,6
6,4,18,9
6,3,3,6
4,18,5,4
2,16,5,2
2,3,6,9
9,4,9,2
2,2,18,6
2,2,3,6
6,7,13,6
9,4,18,2
2,2,2,2
8,6,2,6
22,6,6,3
2,2,15,15
18,8,15,5
3,6,2,17
13,11,6,3
2,23,2,3
4,2,3,23
4,4,6,3
2,3,6,2
4,12,6,10
18,6,3,3
6,3,3,6
12,6,5,10
3,4,5,21
3,2,2,18
8,20,2,2
2,22,3,6
2,17,6,4
4,14,6,6
5,3,2,5
6,19,6,12
6,21,4,3
2,5,6,9
4,3,5,6
4,2,20,19
17,2,4,15
3,4,21,4
2,6,24,6
3,6,12,9
4,6,3,3
3,20,2,3
2,6,17,2
5,5,6,6
6,3,2,4
6,24,4,3
3,3,2,9
4,16,2,6
6,7,6,16
2,3,2,21
9,6,6,18
2,15,4,2
21,2,2,2
6,20,2,9
6,6,6,4
3,2,17,2
3,6,6,6
2,4,5,3
6,3,6,11
3,2,3,6
6,5,6,5
2,2,2,3
2,4,3,3
6,5,2,15
4,15,17,3
5,2,4,3
3,6,6,3
2,2,2,2
4,2,3,4
6,6,6,2
3,18,9,6
2,2,2,2
22,9,3,4
2,2,2,6
2,3,16,9
2,4,3,2
6,4,2,14
2,9,4,2
6,2,2,9
3,2,2,3
2,2,2,2
6,9,6,5
6,6,2,6
3,21,2,14
6,11,18,2
2,4,3,4
6,16,2,2
2,3,2,6
3,6,6,4
2,4,5,5
18,4,12,5
4,5,6,9
23,3,2,6
6,6,2,21
2,6,9,6
25,2,6,2
16,3,6,6
2,3,6,2
2,2,2,4
2,4,3,21
13,5,4,24
13,9,2,2
2,2,3,4
6,2,22,9
5,3,6,24
6,6,17,6
9,5,8,9
15,2,2,3
2,16,9,5
12,6,5,5
21,3,6,3
9,2,5,4
3,2,6,2
3,21,2,6
3,4,6,5
6,2,3,6
2,2,2,2
22,3,6,3
2,4,3,3
6,2,5,2
2,5,12,3
18,5,6,3
5,12,2,12
23,2,3,6
3,6,6,18
6,6,3,6
5,12,15,3
6,2,25,2
5,13,2,6
6,3,3,3
3,15,2,6
18,4,6,6
3,19,6,2
2,2,2,2
6,14,5,8
12,6,6,13
6,9,5,5
22,3,3,2
5,6,2,12
3,6,5,9
6,2,16,8
15,9,6,6
3,4,2,4
4,17,3,4
22,2,2,4
4,5,5,6
2,2,2,2
2,2,11,6
2,2,2,2
2,2,2,2
16,3,2,6
2,4,2,28
4,4,7,2
6,9,3,17
2,2,2,2
3,6,12,6
6,2,6,4
6,6,9,3
4,3,4,2
9,6,6,3
9,15,4,9
3,4,2,3
13,2,20,3
2,2,4,18
5,2,12,6
2,2,3,2
14,2,21,2
6,14,2,6
6,6,2,6
2,3,13,2
3,7,15,24
6,4,2,3
9,2,9,5
11,3,6,18
3,22,2,6
3,3,16,6
25,2,4,4
2,2,25,2
2,2,20,9
6,6,22,6
2,2,2,9
6,17,2,2
2,17,5,4
2,6,9,17
6,6,2,5
6,5,6,6
2,3,28,2
3,4,6,22
4,6,6,15
3,2,6,3
2,6,4,2
2,4,12,15
9,6,9,8
2,2,3,9
8,6,2,17
2,4,6,6
6,3,2,4
5,3,5,6
9,2,6,4
6,6,20,5
3,2,2,2
4,3,9,6
3,6,6,17
15,6,6,4
6,2,6,2
2,17,5,4
12,6,4,11
10,5,18,5
9,7,4,6
3,3,20,2
6,13,2,6
4,19,4,6
3,3,5,15
2,6,3,2
3,2,9,21
15,3,18,6
2,6,6,2
14,7,3,3
24,2,6,4
3,6,6,3
6,6,3,6
3,6,9,2
3,6,22,5
2,17,9,2
15,25,3,2
6,2,14,2
3,2,5,2
2,23,9,2
14,6,15,2
5,9,3,6
2,3,24,2
6,6,4,6
2,6,2,6
2,6,6,6
4,16,6,6
4,2,6,4
2,4,3,9
6,6,12,2
21,3,4,3
2,6,2,4
18,3,4,8
4,6,3,6
6,4,3,6
18,2,6,9
3,2,15,19
2,13,3,6
20,3,3,4
6,2,4,6
24,2,6,4
9,14,6,5
3,25,6,9
6,2,18,2
4,3,6,3
9,6,2,6
2,21,2,6
2,2,20,2
6,3,15,6
21,4,2,12
4,13,4,15
6,2,3,3
6,12,3,6
9,6,3,2
3,20,3,9
17,3,2,6
6,6,17,6
6,6,2,3
2,2,2,24
3,6,6,20
27,2,2,3
3,6,6,6
17,2,2,6
20,6,3,6
3,2,28,4
3,6,2,4
4,2,6,3
14,13,2,4
4,6,6,6
5,4,20,3
6,4,6,19
6,13,6,13
4,3,18,3
6,6,6,4
6,5,6,6
3,6,11,6
2,2,18,3
12,18,5,2
26,6,3,2
5,3,18,6
2,4,16,9
4,2,9,4
3,2,2,26
3,6,3,2
9,4,15,2
10,4,17,6
2,20,2,6
6,6,5,6
16,2,6,4
5,3,3,3
2,19,14,5
2,2,2,2
12,6,6,6
6,3,4,18
4,6,5,5
2,9,3,3
2,2,2,26
3,12,6,21
3,2,2,5
3,2,27,3
5,2,2,4
3,2,6,3
3,12,2,2
4,26,6,2
2,2,2,2
6,9,6,4
2,2,2,9
19,6,3,6
4,18,5,6
16,4,4,6
3,6,5,6
2,2,17,2
2,26,3,2
9,5,6,6
5,9,6,6
2,2,2,9
6,3,2,2
2,9,2,15
3,13,2,6
2,16,4,2
4,3,4,9
12,21,6,6
3,4,16,2
5,9,2,23
24,6,4,3
6,6,6,4
2,3,6,6
2,21,7,3
22,2,2,2
2,17,6,4
9,6,6,6
4,2,5,6
6,6,23,4
19,18,6,2
4,2,4,18
6,2,3,2
2,2,5,6
6,2,6,11
2,6,26,2
19,6,4,6
2,9,3,6
3,3,2,4
4,4,3,6
6,6,15,6
3,5,4,25
6,4,21,6
4,4,3,3
12,7,15,6
6,2,2,2
6,5,4,3
18,2,7,15
2,9,2,2
15,6,6,6
2,3,4,12
2,3,2,5
22,10,2,9
3,21,12,6
8,13,6,4
5,4,2,9
2,2,2,2
6,2,6,3
6,4,22,2
3,3,4,16
16,2,2,6
6,3,6,4
22,4,12,2
3,2,5,27
4,6,11,6
5,3,9,3
21,6,5,6
16,2,3,2
6,13,2,6
6,3,14,3
6,6,6,4
3,3,6,2
13,5,16,20
3,6,6,4
6,9,2,6
20,2,6,14
4,4,5,21
4,6,6,2
3,3,12,6
4,6,6,2
2,2,2,9
3,3,2,12
21,2,2,2
4,3,3,6
6,6,6,6
6,22,2,6
3,3,2,3
5,3,2,20
2,2,4,22
6,6,2,6
6,2,6,2
3,4,5,4
5,9,6,9
17,2,2,2
6,3,3,2
6,22,4,2
6,6,6,9
5,3,2,2
2,2,5,2
3,6,6,2
5,6,6,6
3,2,3,6
6,18,15,4
4,2,2,28
6,17,6,10
3,3,2,4
2,3,26,6
6,3,15,2
2,6,9,5
6,6,2,12
5,22,6,2
5,9,5,7
6,6,6,2
13,2,18,4
2,2,4,3
3,2,2,17
2,3,3,2
3,6,2,10
12,2,5,2
15,4,6,4
3,6,19,3
6,18,2,6
8,2,3,2
3,5,11,9
4,6,6,3
4,6,3,5
2,2,2,2
3,2,4,2
18,4,6,4
15,7,9,6
2,3,3,2
2,2,6,3
5,3,6,6
2,4,20,5
2,3,9,4
6,8,8,18
11,2,22,4
2,6,4,2
22,3,3,2
5,20,6,13
5,3,6,15
3,20,6,9
3,6,20,6
3,2,3,6
2,2,23,2
18,2,2,2
4,9,17,4
3,2,2,2
2,16,6,6
3,15,2,9
6,9,2,6
12,5,9,6
2,2,6,3
2,2,3,13
2,2,6,24
2,2,3,15
3,2,3,3
19,4,6,20
2,2,2,2
9,10,3,16
2,2,2,4
4,22,3,3
6,2,6,5
21,6,9,3
2,3,16,2
2,2,2,2
2,2,18,6
6,3,2,6
6,2,9,5
2,3,3,3
5,9,6,3
5,6,2,16
11,6,16,6
5,23,9,3
14,5,24,4
6,2,13,11
3,6,3,11
6,6,6,6
5,5,4,21
20,5,5,20
6,21,6,3
15,6,2,17
9,3,18,4
3,6,16,12
15,13,10,6
5,6,6,3
3,5,12,20
11,2,2,2
6,21,4,2
2,6,10,4
9,2,4,9
2,2,2,2
6,15,2,5
2,13,2,21
9,4,6,3
6,6,9,3
2,15,5,10
4,22,3,2
2,3,6,9
2,18,5,4
6,4,3,19
3,13,3,2
12,2,6,6
2,19,3,6
6,2,14,2
3,5,8,3
6,9,6,5
4,19,6,2
6,6,13,2
2,6,18,3
16,16,2,3
3,6,6,4
5,6,6,6
6,2,2,3
2,13,20,9
21,12,2,2
9,2,2,6
2,2,17,2
12,4,6,3
26,9,2,2
12,6,6,12
2,9,19,2
3,2,6,28
6,5,3,3
2,6,6,3
3,21,2,2
20,3,2,2
5,2,9,6
2,14,6,2
2,2,17,6
17,6,2,6
2,2,2,2
6,3,6,3
2,2,4,16
6,6,6,13
6,2,2,3
2,2,2,2
6,5,8,21
6,3,9,11
9,2,3,5
15,6,6,3
6,6,2,19
3,2,2,22
6,6,3,3
4,2,4,2
2,6,21,2
14,21,2,3
2,6,6,3
3,2,4,6
3,12,5,17
6,6,3,2
5,5,6,6
2,14,3,6
9,2,3,2
6,4,6,15
3,6,4,2
12,6,2,9
12,2,16,2
2,6,2,4
8,4,4,3
2,2,6,22
19,6,2,6
2,6,25,2
14,21,8,6
16,2,2,2
4,17,4,6
6,4,6,2
6,4,3,2
21,2,3,15
5,6,5,3
6,2,21,2
13,3,6,9
3,6,4,3
17,2,3,15
19,2,2,6
6,12,19,2
2,12,6,20
9,6,4,6
27,4,7,4
6,6,6,6
5,2,3,21
6,5,6,2
6,15,6,3
5,5,15,24
5,6,6,15
2,4,9,3
6,2,4,2
6,2,6,2
11,9,9,6
6,2,3,19
5,2,4,6
2,13,17,6
6,2,6,3
17,2,9,8
4,2,6,3
2,9,2,14
12,4,2,9
3,20,4,2
2,6,6,6
2,9,5,4
4,2,22,3
9,3,4,9
4,2,3,9
3,15,16,6
6,10,5,3
6,6,2,3
2,6,4,4
4,2,9,5
4,6,6,17
2,2,2,2
3,2,6,6
3,4,3,6
6,6,2,6
9,3,6,3
6,6,4,11
6,3,3,23
10,15,2,6
2,2,2,2
3,2,2,18
5,4,23,6
3,6,5,2
11,6,2,2
9,6,2,2
6,4,3,12
6,6,6,3
18,3,2,16
5,20,9,2
3,2,6,13
2,2,2,3
4,2,6,2
6,5,12,2
6,4,4,5
2,6,13,2
3,2,6,2
2,6,4,2
2,4,4,6
6,23,2,2
17,4,2,2
4,4,2,3
28,3,2,6
3,6,4,14
6,6,6,13
4,3,3,23
2,2,2,2
4,2,6,4
5,3,2,2
6,3,2,3
6,6,2,4
6,7,2,10
16,3,6,6
3,4,9,9
6,6,12,23
12,4,2,9
21,6,2,5
20,9,4,4
6,3,3,3
6,16,18,12
4,2,4,4
15,4,9,3
2,9,2,3
9,11,2,3
3,2,2,25
2,2,5,14
2,3,18,2
5,6,9,3
4,2,3,9
3,6,2,3
4,3,3,2
15,2,16,4
27,2,6,4
28,3,2,3
2,12,2,3
24,3,8,6
6,6,10,5
2,23,3,6
6,6,2,3
4,4,22,6
6,4,21,4
3,28,3,4
5,4,6,2
9,3,4,3
9,2,19,2
25,9,2,3
2,2,2,2
3,18,3,3
3,4,2,4
4,4,2,26
4,15,2,3
6,5,5,6
6,4,6,14
6,3,2,15
6,3,2,2
6,9,2,2
5,6,6,4
5,25,2,6
6,4,4,16
6,2,6,3
6,16,6,4
3,4,6,3
4,18,5,6
6,3,4,6
4,16,6,6
6,2,6,9
6,6,3,6
5,3,6,2
19,2,4,2
3,5,3,3
4,24,5,3
3,2,4,6
20,6,5,6
3,3,21,6
4,2,12,6
4,6,2,2
15,3,19,2
4,3,28,3
20,2,2,3
9,2,4,2
3,18,6,3
6,6,3,5
6,3,2,2
5,9,9,6
6,2,2,18
6,3,19,2
3,13,2,6
22,6,3,9
3,6,9,4
6,3,3,6
3,6,2,6
18,3,5,13
2,4,2,24
22,6,2,2
3,3,4,6
5,6,18,3
20,4,2,2
5,4,4,2
22,2,3,2
2,4,6,9
4,4,6,3
21,7,3,3
6,25,2,5
6,2,8,18
3,4,3,5
9,2,9,3
6,6,26,2
9,2,6,4
9,5,2,3
3,6,3,4
13,4,19,2
3,3,3,13
3,6,4,3
2,6,4,2
6,6,3,3
13,6,4,6
6,6,2,2
11,12,9,3
3,9,3,21
3,9,5,3
2,2,4,6
6,9,2,3
6,5,14,15
8,4,6,7
2,4,4,5
6,3,6,6
4,24,3,3
6,4,6,5
4,4,3,3
4,14,14,6
4,9,2,13
2,4,16,21
6,4,6,17
17,6,3,27
3,5,6,6
21,3,2,6
3,6,2,6
3,4,6,6
12,2,4,13
4,6,22,2
6,6,6,7
18,6,4,7
2,2,5,2
6,3,3,3
4,3,3,21
22,2,6,4
12,6,6,3
6,2,6,6
5,6,6,3
5,3,13,12
6,3,14,2
2,3,19,17
6,2,2,23
6,11,18,6
2,9,6,3
2,12,2,21
4,6,26,4
6,6,5,12
6,6,18,5
6,6,3,6
4,3,2,24
13,5,12,9
6,2,19,2
4,2,6,2
5,3,4,6
2,4,6,6
18,16,6,2
9,5,19,2
9,3,6,6
25,3,6,5
2,6,6,2
3,3,6,4
4,6,18,3
6,2,3,6
2,9,10,9
4,12,9,2
4,4,5,18
15,2,2,6
4,6,6,4
5,9,5,6
3,6,2,6
4,7,18,6
20,3,4,2
2,3,5,4
3,6,6,3
9,3,8,18
11,4,6,4
3,21,3,3
6,4,5,4
4,13,16,2
2,2,9,6
2,2,15,17
3,18,6,16
5,6,3,21
4,25,4,2
2,2,2,2
2,20,6,8
2,6,3,4
6,18,4,5
8,10,2,2
4,5,2,18
11,6,4,6
6,22,6,2
6,5,4,25
3,4,3,9
7,6,7,7
6,6,3,3
2,2,25,2
21,2,2,2
2,6,24,2
4,17,6,15
6,2,20,2
6,2,2,6
4,6,4,2
21,9,9,2
3,6,6,6
2,2,2,6
9,6,3,2
4,18,5,3
2,2,4,2
6,4,3,2
3,3,16,6
4,2,24,8
4,3,5,25
9,18,5,2
4,5,18,2
3,4,3,22
4,13,6,18
2,18,2,3
2,2,3,6
2,6,2,22
6,5,2,3
6,3,23,2
6,9,4,3
12,2,2,6
5,6,3,24
2,15,12,9
6,4,2,4
6,3,14,7
9,4,4,4
5,6,6,3
2,5,2,4
2,4,6,2
18,2,6,6
6,13,17,6
2,3,2,6
9,9,5,16
3,19,2,6
23,5,5,4
6,2,4,2
9,4,3,14
13,6,5,9
4,4,3,2
6,21,8,5
6,4,5,4
2,5,18,12
6,20,3,6
2,14,6,5
2,3,4,2
2,2,10,18
2,2,4,25
4,5,22,3
18,2,16,3
21,3,3,4
3,2,3,4
4,4,6,21
4,6,6,6
19,3,2,2
2,16,3,18
4,9,4,2
2,4,6,15
3,9,2,12
2,6,6,18
17,5,2,6
2,3,2,25
12,6,2,5
2,18,2,2
12,3,3,16
6,18,6,13
23,2,3,4
27,5,2,2
6,4,20,6
3,4,9,3
6,11,4,3
3,2,20,8
16,3,6,2
5,3,24,2
6,2,6,6
2,2,2,4
2,2,6,3
21,6,3,2
3,18,4,2
3,6,4,9
6,22,17,2
18,3,3,2
3,18,2,2
2,2,2,2
3,3,2,2
6,5,4,6
2,5,2,23
6,6,6,4
2,2,9,4
3,2,5,12
3,13,2,3
2,4,5,3
9,15,2,3
6,2,3,3
2,13,6,6
6,5,17,8
28,2,4,2
4,22,3,3
6,5,9,5
2,6,3,22
3,6,23,2
2,3,6,5
2,2,2,3
2,2,2,5
6,21,7,3
4,15,6,6
6,5,6,6
2,2,17,2
2,4,3,21
2,15,2,9
6,2,6,2
6,2,11,6
6,6,7,9
2,2,2,22
12,23,3,2
6,3,26,2
6,6,2,2
14,6,6,4
2,5,2,5
3,6,21,9
6,2,4,3
2,2,2,2
6,4,9,5
2,2,3,25
6,6,6,6
4,14,4,6
24,3,6,4
3,6,3,3
2,3,5,6
9,23,3,5
4,6,4,5
3,6,2,6
4,3,19,3
3,20,5,3
2,3,3,4
15,6,4,13
2,3,2,3
6,2,4,25
24,4,5,3
3,6,2,2
6,4,6,6
5,6,21,8
6,4,20,6
2,10,19,4
6,22,2,6
3,9,3,2
6,2,2,3
2,16,9,2
12,6,2,18
6,4,3,4
20,4,12,3
3,3,6,3
3,6,3,21
9,12,4,3
4,2,6,2
3,6,6,20
3,4,6,19
12,6,5,6
6,2,6,3
22,2,4,4
22,2,2,7
6,3,2,6
6,22,2,2
12,6,9,9
6,8,4,21
10,6,15,6
2,3,6,3
6,2,2,6
2,9,4,16
2,2,6,15
3,17,3,3
6,9,6,9
6,15,9,6
2,2,6,4
21,3,6,3
2,2,6,2
2,3,2,21
6,6,5,3
6,6,6,2
6,2,6,3
23,6,3,4
15,11,2,6
4,2,6,3
6,11,6,6
2,6,4,2
4,6,9,5
2,27,16,3
19,9,4,2
18,6,2,2
16,6,6,6
16,21,2,3
2,4,16,2
2,2,2,2
9,4,2,3
11,6,12,4
22,3,3,3
2,2,2,2
4,6,6,2
7,17,6,5
6,6,19,3
3,18,2,4
22,3,2,2
19,4,2,4
6,2,2,24
2,6,6,6
2,2,2,2
5,6,6,6
2,12,3,6
5,5,5,12
22,3,3,6
24,2,2,2
6,6,6,21
6,4,2,3
21,5,9,6
6,4,3,2
2,9,24,4
2,3,3,6
3,2,6,5
22,2,2,3
2,2,3,6
6,6,28,2
3,3,26,4
6,4,14,6
3,4,2,6
3,6,5,6
18,4,2,5
5,6,6,6
6,18,6,6
2,3,3,2
2,2,20,6
5,3,17,6
6,9,2,5
2,2,2,2
22,2,2,2
2,4,4,6
4,2,18,6
3,6,5,3
2,6,19,10
6,6,4,6
9,4,9,4
6,6,9,6
4,9,4,4
2,19,12,6
6,6,5,2
18,6,6,6
6,15,6,4
14,3,20,6
4,13,5,6
4,6,4,4
6,4,6,6
2,6,2,3
4,3,18,4
3,9,3,9
16,3,2,27
2,2,9,2
4,3,3,2
3,3,3,2
2,3,2,24
2,6,10,9
6,6,6,21
21,4,2,9
4,6,9,6
2,2,2,19
6,6,4,6
2,24,2,5
5,6,5,3
2,2,2,2
6,6,5,4
9,2,14,10
2,6,3,6
21,2,3,9
2,2,9,6
5,4,12,20
5,4,17,6
6,3,6,6
3,2,2,2
5,6,14,6
3,6,2,15
2,3,2,3
3,6,4,6
15,5,15,2
2,7,4,6
3,6,2,2
6,2,6,4
3,6,6,11
2,11,20,3
5,6,6,9
11,6,2,15
9,14,3,2
4,3,24,4
2,17,3,2
6,2,3,9
2,3,20,2
3,3,2,8
5,6,4,2
3,6,2,2
6,2,9,2
2,4,6,6
5,6,2,3
2,27,2,3
6,5,2,3
2,2,2,2
8,6,8,9
6,2,2,6
2,17,6,2
2,4,6,15
3,6,2,2
6,2,6,2
14,2,8,6
2,6,19,2
6,3,20,3
3,2,4,20
6,9,2,6
3,28,3,6
6,4,4,6
18,4,2,2
6,4,3,6
9,6,6,6
3,3,3,5
2,2,2,21
3,9,6,4
2,13,9,6
22,6,2,2
6,6,2,2
15,4,6,9
6,6,2,6
2,3,5,5
6,5,20,6
6,2,6,3
6,5,5,6
2,3,3,23
6,2,2,3
2,6,7,16
6,5,2,2
6,6,13,19
6,2,3,3
12,4,6,6
3,2,2,6
7,3,3,12
2,5,3,3
2,23,6,3
14,2,25,4
5,15,11,5
3,2,6,6
6,11,6,5
6,6,21,2
6,3,2,6
6,18,8,3
2,2,2,2
4,5,2,5
2,2,13,3
4,3,5,6
25,4,6,5
4,6,16,5
2,2,2,6
3,2,6,6
2,9,2,16
4,2,24,4
11,2,6,2
3,2,6,6
6,21,2,3
3,20,9,6
6,18,3,6
3,4,2,22
6,4,17,4
6,15,6,3
2,28,3,3
18,6,4,3
2,19,6,4
2,6,3,3
13,6,12,4
8,12,9,6
6,2,4,18
18,2,3,3
6,2,5,9
2,3,2,9
3,3,3,2
2,6,2,2
14,20,2,2
9,6,4,19
19,9,2,2
6,6,3,13
12,2,3,2
2,6,2,17
17,4,3,6
3,4,19,6
6,4,2,2
3,27,2,9
9,2,2,9
4,16,3,6
16,3,6,4
6,3,9,6
9,6,9,17
2,2,2,3
6,2,19,3
9,7,20,2
6,3,6,4
6,2,3,6
2,9,2,2
3,2,21,2
6,6,20,3
3,24,6,12
6,3,6,14
22,3,2,6
2,9,9,6
3,2,4,6
6,3,5,19
2,2,19,2
2,2,6,15
6,14,2,7
3,5,21,3
11,18,3,2
2,3,2,13
6,15,6,2
6,2,16,2
2,3,6,11
2,20,2,2
21,2,6,6
21,2,6,4
4,2,4,28
3,6,9,6
6,2,20,3
21,2,5,6
3,11,4,17
6,2,6,2
2,2,2,2
4,2,6,17
2,2,6,3
6,2,6,7
2,2,5,2
9,6,6,16
2,6,18,2
2,17,2,6
3,5,6,16
3,6,3,4
6,9,6,6
6,2,15,15
4,6,3,6
6,6,2,4
5,9,6,6
4,11,21,2
4,6,5,2
3,12,5,20
6,6,2,6
24,3,4,6
2,25,6,2
6,6,3,3
6,6,21,3
6,12,2,5
22,4,6,2
6,4,5,5
15,3,6,5
2,2,2,21
4,2,2,3
6,2,6,2
4,9,5,2
2,6,6,20
9,17,6,4
4,9,9,12
2,18,6,3
3,6,3,2
4,3,4,3
3,6,18,4
6,3,6,8
9,6,4,2
6,2,6,4
6,6,2,6
6,25,2,6
2,22,6,6
18,2,6,4
25,2,6,5
4,3,6,9
6,3,2,4
2,3,6,4
6,6,3,6
2,2,2,2
21,5,6,6
4,6,5,4
3,3,2,2
6,2,6,9
6,6,21,6
2,4,3,6
6,2,2,2
25,2,6,3
6,6,9,6
2,6,2,2
5,3,6,26
12,20,3,8
16,2,16,2
17,6,6,17
4,9,6,12
9,2,21,2
2,21,2,3
6,5,3,9
18,2,4,6
3,6,6,24
6,4,22,2
3,6,2,2
2,9,14,6
6,6,9,3
2,6,25,4
2,6,6,9
3,2,3,4
3,18,9,9
11,6,2,6
2,6,6,20
4,2,19,6
6,2,2,4
4,2,3,6
15,4,14,3
4,6,2,6
2,4,6,21
22,4,3,4
18,6,5,2
4,6,20,2
9,6,19,8
3,9,6,6
9,3,6,4
2,2,5,2
5,2,3,3
4,6,2,6
5,6,3,12
2,6,4,28
5,6,4,3
2,6,18,2
3,18,2,2
3,14,6,14
6,6,6,3
5,9,13,4
2,9,8,4
4,15,19,3
2,4,2,6
22,6,6,2
6,2,2,5
6,4,6,4
4,6,6,4
22,6,2,2
5,2,4,5
6,20,2,9
4,5,6,23
5,3,2,2
4,2,17,9
2,6,2,3
3,3,6,6
3,6,2,4
5,6,2,3
6,5,2,2
2,2,14,21
6,4,3,19
2,6,22,3
6,6,2,3
6,8,9,2
26,4,3,3
6,4,6,3
15,6,4,4
2,6,21,5
2,3,2,6
6,3,22,9
7,2,21,2
3,8,17,4
6,9,21,6
4,8,18,6
6,6,6,6
3,5,3,5
5,2,6,6
6,3,16,6
4,12,9,4
6,6,6,6
6,6,4,6
23,2,2,2
9,9,6,9
6,21,6,5
24,2,6,3
5,2,5,6
2,3,13,6
4,4,3,2
3,6,3,4
6,2,21,4
6,11,12,2
6,4,6,4
2,2,2,2
4,6,2,26
6,6,6,2
3,13,9,6
6,4,3,21
3,6,2,15
2,6,6,6
6,3,2,5
6,18,4,4
2,2,2,2
3,17,2,16
5,2,18,2
25,2,4,3
3,3,6,6
6,3,2,3
5,5,17,7
2,15,6,6
19,2,3,5
2,15,12,6
3,4,2,2
23,6,3,5
6,6,6,3
6,6,6,4
4,3,2,6
2,9,3,6
17,2,2,3
2,3,9,5
6,6,6,6
2,6,2,9
3,13,3,12
3,2,3,6
4,19,6,6
5,8,6,21
3,4,5,15
9,4,5,3
3,9,4,6
6,3,16,9
21,2,6,6
6,6,6,4
2,5,2,9
3,9,6,3
9,3,18,6
6,2,2,3
24,2,2,2
2,11,6,2
2,5,18,6
6,6,17,5
6,6,3,12
3,16,9,15
2,6,3,2
2,4,6,2
13,6,15,6
2,2,18,6
9,6,3,5
3,2,3,27
6,6,2,6
4,6,2,21
21,3,6,17
2,3,22,6
5,17,6,6
4,2,6,9
2,4,27,2
8,14,5,2
5,6,2,2
20,3,3,6
3,4,9,2
4,6,12,4
6,20,2,17
6,12,5,10
6,2,3,6
6,6,4,9
3,24,4,6
22,2,6,3
6,6,3,2
2,6,6,24
6,6,6,22
2,2,2,2
3,4,6,24
6,2,6,19
2,23,3,3
2,4,24,2
2,3,12,6
2,9,3,15
16,9,3,6
3,2,2,6
5,4,18,5
2,2,6,2
4,12,5,6
6,19,6,3
2,20,3,4
6,23,2,5
6,6,6,18
4,2,2,6
6,3,5,4
2,2,2,2
2,4,5,17
2,6,2,2
2,3,20,12
21,6,3,4
6,2,6,9
4,9,2,2
28,2,5,3
9,6,2,19
2,4,2,5
6,4,2,12
17,2,2,9
2,6,4,22
5,4,6,9
12,6,6,3
2,4,6,5
9,6,12,16
4,5,6,4
6,3,6,2
6,4,6,3
2,23,6,2
2,15,2,2
2,2,3,3
4,7,24,3
2,24,6,6
6,5,6,6
6,6,3,4
22,4,20,6
3,6,7,16
6,6,12,3
14,5,9,6
2,2,6,2
4,5,22,4
6,3,6,9
6,19,5,4
6,3,4,20
2,10,9,3
2,3,6,3
4,18,3,2
16,14,6,2
18,6,8,8
2,12,21,6
4,2,17,4
6,9,9,6
3,6,6,2
3,5,2,3
6,12,6,9
2,2,2,2
2,6,2,2
3,4,9,4
2,3,12,25
2,2,2,2
6,5,9,4
6,3,17,6
6,12,5,6
3,2,23,6
6,4,6,3
6,3,4,6
5,3,5,6
18,15,5,3
6,6,3,4
4,22,3,6
2,6,2,2
2,4,15,3
4,6,12,23
2,2,17,8
6,3,2,2
17,6,2,6
2,6,6,9
5,2,2,3
19,6,5,6
6,5,9,9
25,3,15,2
2,18,3,3
6,3,5,3
6,2,20,2
9,8,4,8
6,15,6,6
9,3,3,6
3,6,4,2
16,6,19,2
3,2,2,9
2,2,24,6
6,22,6,3
2,2,21,9
5,6,2,21
6,2,6,3
22,5,2,2
16,2,4,4
13,2,24,12
3,2,6,3
19,9,2,3
9,5,3,4
23,4,6,5
2,23,3,6
22,6,2,4
6,6,4,6
6,6,3,4
2,6,6,20
2,2,2,22
26,4,2,3
2,17,6,2
4,10,3,4
6,6,4,2
5,6,5,7
6,4,2,28
6,21,6,2
2,3,14,14
5,23,2,3
3,12,2,2
18,3,9,4
18,3,3,3
9,6,5,4
6,4,6,2
2,9,17,6
6,2,2,6
24,6,3,4
2,6,2,2
5,9,5,9
3,4,23,3
6,4,5,6
20,2,9,2
4,9,6,24
3,6,6,6
2,2,6,3
6,4,3,2
5,6,15,16
4,2,22,3
28,6,2,3
19,3,11,7
9,6,6,12
2,2,2,2
23,4,5,6
5,5,6,19
3,4,2,5
12,14,3,4
6,5,2,3
4,6,6,2
13,2,20,13
6,5,6,5
22,2,6,2
2,4,9,3
2,2,3,15
4,12,18,6
2,2,2,6
4,6,6,2
13,6,15,2
2,6,15,9
6,11,2,6
2,6,2,3
6,3,5,18
6,6,11,6
6,20,3,5
2,9,3,2
5,2,24,3
21,2,6,6
25,6,3,2
6,17,6,5
5,9,2,6
6,3,2,3
2,6,2,3
2,6,4,4
2,5,2,3
5,6,6,5
2,2,2,2
22,3,9,6
6,5,6,6
3,18,6,6
6,6,4,5
6,3,2,4
6,23,3,3
2,6,12,6
2,25,2,3
6,3,2,4
6,3,2,2
4,4,18,6
4,4,9,15
6,2,6,6
4,4,2,22
5,2,24,4
6,3,6,2
4,13,6,6
5,2,6,2
6,9,3,23
3,3,24,2
3,4,6,24
28,2,6,4
4,6,6,2
2,14,2,4
6,4,20,5
6,6,8,7
2,6,26,2
3,3,5,17
16,3,6,2
2,4,18,2
3,6,5,6
6,3,15,6
5,6,5,4
6,18,16,5
3,23,3,2
6,4,5,9
9,3,6,19
2,2,2,4
6,6,10,8
6,4,19,9
8,6,16,4
2,6,4,17
3,19,6,3
21,3,2,2
6,18,4,10
4,16,6,6
6,2,2,6
6,4,6,6
6,3,26,4
21,9,2,3
6,9,19,4
3,22,12,2
2,2,6,23
3,6,6,16
2,2,2,2
6,9,14,6
4,3,25,5
2,4,16,2
2,22,4,6
3,2,23,4
2,2,13,6
6,3,4,3
6,2,2,2
9,5,17,5
2,19,2,3
3,3,6,19
2,6,3,3
3,21,2,7
3,6,13,6
6,3,2,2
7,8,5,22
8,6,2,23
2,4,2,6
2,2,6,6
19,13,2,6
3,24,2,5
2,3,2,3
2,2,6,5
6,2,3,22
2,6,2,6
3,2,12,14
2,9,6,6
2,2,6,2
6,4,3,2
15,20,4,4
2,5,2,6
3,12,2,6
5,12,13,9
6,23,6,2
3,2,3,6
6,6,6,5
5,3,6,3
6,6,14,6
6,5,5,3
18,9,2,6
6,2,15,3
12,3,5,2
2,6,2,17
3,4,6,2
9,6,14,9
2,2,2,2
5,18,11,4
2,2,26,2
21,2,6,2
3,20,4,4
5,5,15,5
19,12,5,3
4,17,3,6
4,2,6,2
6,12,4,4
4,23,6,2
2,2,2,5
16,12,10,3
2,2,2,12
3,9,4,2
2,2,5,9
3,6,2,4
12,10,6,3
2,2,2,23
4,4,13,2
2,2,9,2
6,3,23,4
6,3,2,3
2,2,2,2
4,2,22,3
5,7,16,10
6,13,3,15
3,13,2,6
2,4,14,21
6,6,6,3
16,5,14,4
2,14,2,2
6,14,2,6
19,5,12,6
2,4,2,4
17,9,7,6
13,17,4,7
3,25,4,2
6,6,4,5
3,3,21,12
7,15,6,11
3,4,25,3
15,2,24,4
6,2,6,6
6,3,6,3
6,4,6,6
23,3,4,4
2,2,18,6
14,6,2,3
2,6,6,3
2,17,2,2
5,16,2,4
3,2,6,4
3,6,4,2
2,15,3,2
19,6,9,2
9,3,9,5
6,4,3,5
2,5,5,21
4,19,15,7
2,22,2,4
18,6,4,10
2,6,6,6
23,2,4,2
16,3,13,16
3,4,6,6
11,11,12,3
3,6,3,6
6,12,6,17
2,13,12,4
3,26,6,2
2,3,21,6
4,4,3,2
3,2,9,3
13,4,2,2
6,4,4,6
2,2,2,2
12,6,18,4
4,4,18,6
3,2,2,3
12,4,3,6
4,4,3,2
6,6,3,6
6,12,13,3
6,3,6,5
6,18,3,13
19,6,8,6
2,2,25,6
4,6,6,17
3,12,2,4
5,5,2,5
6,2,4,6
9,2,3,12
17,9,6,9
4,4,2,6
2,6,23,6
6,4,2,2
6,2,3,4
6,18,2,6
6,2,6,3
4,6,3,6
2,6,3,9
12,6,9,5
2,6,2,3
8,3,2,24
4,14,25,3
20,2,4,2
12,19,2,9
12,3,3,6
6,6,4,6
2,2,2,6
17,6,2,4
8,6,2,12
3,2,24,2
2,6,2,2
3,26,3,2
2,3,6,2
9,3,2,6
4,4,3,5
9,2,26,2
14,10,11,2
9,12,3,2
2,6,2,2
4,5,4,5
2,3,2,14
6,2,17,3
6,3,2,2
2,14,6,2
3,20,3,6
4,5,12,9
3,3,6,6
9,3,5,2
6,4,4,21
3,2,4,2
6,6,4,2
3,6,6,2
3,5,6,2
3,4,3,15
6,3,3,22
3,4,15,15
3,3,21,6
2,2,2,6
2,18,3,3
6,4,6,6
3,2,22,5
5,4,2,6
2,6,4,4
5,6,6,15
6,2,6,22
3,3,3,5
2,3,2,9
3,6,2,21
2,12,2,6
2,3,2,20
6,4,6,9
5,6,6,12
6,2,19,17
3,2,3,2
2,2,2,2
4,4,5,2
2,11,18,9
2,10,2,2
9,6,20,3
3,2,19,11
12,2,5,23
2,4,15,14
3,3,3,3
9,2,7,5
9,4,9,2
9,4,4,6
6,6,6,9
6,3,6,2
6,3,23,3
16,4,12,22
3,12,2,6
20,3,6,6
9,4,6,12
2,6,4,2
3,3,15,7
4,9,3,7
21,2,3,2
6,18,12,9
3,4,4,4
9,3,2,9
6,6,2,6
6,6,6,6
5,11,9,4
4,2,15,3
3,2,21,4
24,3,4,6
4,6,2,3
3,5,3,9
6,11,6,6
4,5,4,6
6,26,3,3
2,6,2,20
2,21,2,3
6,4,5,6
6,4,16,4
6,3,6,3
20,2,3,9
2,5,4,19
6,2,2,22
2,6,2,2
21,14,7,3
8,12,2,2
5,6,12,6
6,3,18,6
3,3,2,2
5,6,4,4
2,2,24,3
2,6,5,28
6,4,4,6
6,9,16,2
3,6,6,4
7,9,9,2
3,2,2,21
5,5,6,6
15,6,2,6
7,6,3,16
6,18,6,6
6,6,6,3
3,16,2,2
3,2,6,2
3,2,6,6
4,3,5,2
2,6,3,6
6,3,6,5
6,13,5,3
3,6,6,2
2,6,4,28
3,2,18,3
6,5,3,2
20,6,5,4
13,3,2,2
2,2,6,2
4,18,6,2
3,24,4,6
8,2,27,5
20,2,4,2
4,5,9,6
6,6,2,2
24,6,2,7
3,11,19,4
3,3,12,19
2,18,6,4
18,5,4,3
6,12,8,6
2,4,4,3
4,6,6,2
6,4,4,16
2,6,2,26
19,4,6,4
5,4,2,2
3,6,2,2
4,2,2,2
5,2,4,6
6,3,12,6
20,6,4,2
6,2,2,6
5,4,6,6
4,3,4,3
2,3,11,6
24,2,3,6
18,6,2,2
4,3,6,3
2,9,6,16
19,2,8,6
2,4,2,12
2,3,24,9
3,11,23,5
9,7,4,13
6,17,2,3
6,12,6,6
2,3,2,6
2,6,4,6
18,15,6,3
9,4,5,18
2,2,2,2
2,2,2,2
13,2,2,2
6,4,9,6
2,6,22,2
9,9,25,6
8,21,3,11
8,3,22,4
2,3,13,9
6,9,2,3
2,2,2,24
20,9,2,2
10,3,6,6
9,5,4,2
2,2,4,4
16,18,4,6
6,6,5,3
3,4,23,3
2,2,9,2
4,2,2,18
9,2,6,10
2,2,3,4
6,3,6,6
3,3,3,6
6,23,2,2
2,6,6,4
11,3,16,6
25,3,2,6
2,2,3,6
24,2,3,2
2,3,6,2
6,2,3,4
6,9,2,6
15,2,12,5
5,3,4,3
9,23,3,3
2,14,6,2
2,2,2,2
9,2,6,18
6,2,2,19
3,6,3,6
3,12,6,6
14,4,3,6
12,3,2,6
6,6,4,15
17,6,6,6
12,2,15,6
2,3,12,15
6,6,9,6
3,4,4,3
15,2,6,2
2,2,6,9
2,10,12,2
6,6,2,21
3,3,3,19
2,4,2,5
12,15,6,3
2,6,3,2
16,2,2,9
14,2,2,20
4,3,2,18
2,2,13,2
4,6,6,4
20,2,3,3
2,3,2,22
12,2,2,5
2,6,6,11
2,2,15,2
3,13,15,5
4,4,5,4
9,4,6,5
4,3,4,9
10,2,2,17
2,7,10,6
3,17,9,3
3,5,2,2
2,3,9,2
9,3,6,6
2,26,2,2
14,2,2,2
6,2,27,4
4,4,6,18
4,26,2,4
3,2,6,9
2,4,6,4
6,12,14,6
25,2,2,6
6,17,8,4
4,10,3,12
6,3,2,2
6,10,2,9
9,3,6,6
3,2,14,12
4,6,2,16
3,2,6,17
4,6,3,6
22,3,4,3
6,2,21,2
2,2,2,2
2,6,2,6
3,3,4,2
2,6,2,2
20,4,2,6
4,3,3,6
3,3,4,2
22,2,3,6
12,2,6,6
7,9,4,6
4,9,6,4
19,3,3,2
23,2,6,2
3,6,6,13
2,2,4,6
6,3,3,6
2,2,6,2
20,6,3,6
23,2,4,3
21,2,4,3
8,9,16,2
2,9,6,2
24,6,5,2
6,6,3,6
12,6,9,6
11,5,6,24
6,3,4,3
4,14,4,9
2,2,6,2
4,4,3,5
6,3,2,2
2,9,14,18
2,6,2,9
2,6,6,6
22,2,2,3
9,4,5,2
2,4,4,6
6,3,2,3
2,4,6,2
4,3,23,5
3,6,3,9
4,6,2,3
2,5,4,3
23,6,3,3
6,16,9,2
6,12,2,2
5,6,9,6
6,6,6,6
5,6,3,3
4,2,6,3
3,18,2,16
13,13,3,6
6,4,4,2
2,15,6,6
14,4,17,2
6,5,5,6
3,2,6,27
3,14,6,3
4,2,22,2
3,3,3,3
4,6,3,12
5,12,6,8
2,5,6,2
3,3,5,6
4,6,12,2
9,2,6,5
4,2,2,3
6,6,2,16
2,5,6,3
6,14,9,4
2,2,26,6
3,2,3,4
12,9,21,3
18,11,6,3
2,18,6,6
3,16,17,6
2,9,3,4
3,4,5,2
6,6,15,3
4,20,2,6
6,6,3,2
9,6,4,4
5,2,2,6
5,3,3,6
6,6,2,12
6,18,2,4
4,3,17,2
4,2,2,8
2,15,9,6
6,18,5,5
6,6,2,3
9,6,4,6
6,5,6,15
4,4,6,6
6,15,2,3
6,26,2,2
2,2,2,6
3,2,6,3
9,2,2,2
6,2,2,15
5,6,2,6
22,2,2,2
6,21,5,4
3,6,2,17
4,5,6,6
3,5,14,2
6,19,2,2
2,16,2,15
3,19,2,3
2,6,12,2
9,2,4,3
4,16,6,2
9,12,10,16
12,5,23,6
2,2,3,2
2,6,9,25
23,2,2,2
7,6,21,3
2,2,13,4
2,26,6,9
2,12,6,18
2,7,2,6
9,2,2,4
2,2,10,19
2,14,6,6
15,4,6,4
4,5,2,2
6,2,6,18
3,14,5,11
3,2,2,24
3,6,2,9
16,11,6,6
2,8,12,15
4,11,6,15
3,5,5,6
2,2,12,7
21,2,2,6
6,4,3,4
22,6,3,2
2,12,15,6
6,2,2,4
6,15,2,15
6,6,23,6
4,15,2,6
4,5,2,25
23,9,2,6
8,2,3,2
3,5,9,4
5,3,25,5
6,3,9,6
3,6,2,27
3,2,15,3
2,2,3,6
16,6,2,21
9,6,4,3
3,21,12,2
15,12,4,9
4,5,3,22
6,3,2,2
21,6,4,6
3,4,6,9
3,6,6,5
9,23,2,4
2,3,3,2
13,6,9,2
15,11,3,2
6,3,2,17
6,2,2,20
2,21,3,4
6,2,17,6
5,2,5,2
4,25,12,6
6,2,12,2
3,3,9,4
3,3,6,18
3,6,3,6
5,6,20,6
3,20,4,6
3,21,6,2
19,2,2,6
6,2,14,2
2,2,12,4
8,15,15,2
2,3,4,17
5,6,6,4
2,6,2,24
12,2,2,2
5,7,6,6
9,23,13,2
2,2,2,6
3,21,5,4
13,10,7,3
5,6,3,2
12,2,2,2
2,6,2,2
2,2,6,3
3,11,4,24
6,3,2,27
2,2,2,9
3,6,9,2
3,2,2,21
3,2,2,2
6,20,6,5
9,6,14,3
12,2,19,3
9,9,12,5
11,9,2,15
3,13,5,2
17,5,18,4
6,7,2,22
4,5,6,2
4,2,6,24
4,6,6,3
12,3,15,2
2,2,2,2
5,12,6,12
9,5,6,6
2,12,2,3
17,6,6,3
2,3,9,4
3,9,6,4
28,2,2,3
6,6,4,4
6,2,24,2
4,4,15,4
4,6,16,6
4,6,2,4
2,4,4,6
6,6,4,15
6,4,4,9
2,18,6,5
6,5,6,4
17,10,4,4
4,9,3,6
6,5,6,18
6,3,9,6
3,2,27,2
2,5,4,3
5,6,6,2
2,9,4,3
21,2,3,2
17,8,2,3
2,7,5,2
6,6,2,2
2,25,2,2
2,2,21,6
2,6,2,6
2,3,2,4
2,3,12,3
24,5,5,9
2,4,5,6
2,4,3,6
18,2,13,13
2,14,21,9
16,6,3,2
6,6,6,6
9,6,3,6
2,2,6,2
5,24,4,6
5,6,5,6
2,2,3,6
6,5,4,2
9,3,22,3
2,6,4,13
4,6,6,6
12,2,2,2
2,25,2,2
4,5,6,6
6,2,6,3
6,6,6,14
2,16,9,12
2,2,3,3
2,24,2,6
6,2,2,4
5,6,5,18
4,16,12,12
4,15,15,6
5,6,6,6
2,17,6,6
10,15,3,2
6,6,4,3
2,2,6,5
6,2,6,2
12,6,9,2
4,2,6,27
12,4,6,12
6,6,2,20
6,4,10,6
9,3,12,21
5,6,6,17
24,3,8,2
3,2,6,23
4,15,5,9
2,3,3,12
4,2,6,24
24,2,2,6
3,6,3,5
6,3,2,2
6,2,9,2
2,2,6,20
2,6,2,9
2,2,2,2
4,9,18,2
2,3,3,23
6,2,9,6
2,6,2,20
4,4,9,2
14,3,2,19
18,4,3,5
24,4,4,4
6,24,3,4
10,6,6,2
3,6,4,3
6,6,7,3
3,24,2,9
9,2,3,2
6,5,6,14
5,22,3,2
6,11,4,2
2,2,4,2
16,2,4,2
2,3,3,20
6,2,4,6
5,5,18,4
20,6,4,13
6,2,2,2
2,6,3,22
2,22,3,6
3,24,5,3
2,3,26,2
5,4,6,5
3,6,6,20
6,10,15,2
28,5,2,2
6,4,6,2
19,2,2,3
2,2,2,2
14,2,2,2
6,2,13,2
3,9,20,4
4,2,6,14
6,2,9,4
2,2,2,21
17,2,2,2
6,3,2,6
10,2,3,6
2,6,2,24
2,2,2,27
2,2,11,21
3,3,23,6
6,4,9,6
9,2,2,9
2,2,3,3
27,8,3,3
18,5,2,2
2,3,6,2
6,2,3,2
15,6,6,6
24,2,3,2
9,2,6,6
6,2,3,6
4,3,6,24
3,3,21,2
2,8,22,6
6,6,4,3
4,16,6,4
6,18,3,3
6,17,2,2
9,2,21,6
15,12,5,6
6,15,2,2
8,6,5,3
6,6,4,8
4,6,2,2
6,19,6,3
9,2,19,2
2,2,2,6
6,2,6,6
2,4,2,2
2,2,3,15
3,2,5,9
2,2,2,2
4,3,6,6
12,5,16,4
5,19,2,9
3,6,4,3
4,2,2,6
6,4,4,4
6,6,3,6
8,6,6,6
6,21,7,4
9,2,4,6
2,2,6,6
2,6,2,2
2,4,6,9
16,3,2,6
2,4,21,13
4,16,15,4
3,20,8,3
2,2,2,2
5,6,2,6
2,2,2,2
6,2,2,2
6,6,13,12
6,3,15,9
6,6,5,6
3,11,6,2
2,19,11,5
4,2,5,6
6,20,3,4
5,4,3,3
2,2,2,2
4,2,15,3
2,6,9,2
14,6,6,2
4,2,21,17
2,2,18,6
5,2,9,6
2,17,14,3
5,4,5,6
2,14,6,6
3,5,2,6
2,5,6,2
9,4,6,3
6,23,4,4
5,6,5,5
18,3,4,2
6,2,6,2
11,4,4,3
21,6,3,9
2,2,22,2
2,6,19,9
6,3,4,2
6,12,12,6
21,2,3,6
3,3,6,2
6,17,20,3
6,2,3,2
5,22,3,16
5,16,6,4
4,6,2,6
2,4,6,6
3,6,3,9
2,24,2,3
6,10,4,3
9,8,9,15
2,2,2,2
2,6,14,2
2,2,2,2
6,13,4,17
4,4,6,4
2,6,9,18
6,2,14,3
4,12,3,4
13,3,6,5
15,4,6,5
14,2,5,2
4,6,6,3
2,6,3,2
6,6,18,2
4,2,3,3
2,2,19,6
2,5,3,3
3,6,3,4
8,6,6,4
17,2,2,2
18,5,6,10
6,3,2,4
2,6,22,9
4,3,2,9
5,6,5,6
2,6,6,23
4,6,2,4
19,2,16,2
2,18,2,2
2,10,23,2
3,2,3,20
5,5,9,6
6,3,2,2
11,4,6,6
2,6,9,6
6,6,6,6
6,6,3,20
6,6,4,12
26,3,2,3
2,6,5,6
2,3,2,5
12,4,9,6
16,2,6,3
6,4,9,5
3,12,3,6
2,2,2,2
6,2,2,6
3,23,2,4
2,4,4,2
6,20,4,3
4,5,9,6
5,6,6,4
2,2,2,5
3,2,2,3
3,6,6,6
4,3,4,25
2,21,2,3
14,4,11,6
3,3,21,5
20,9,3,9
6,6,4,6
6,3,6,6
6,2,6,6
4,3,2,2
15,3,3,6
6,3,17,9
2,6,19,7
28,6,2,5
6,2,4,6
6,3,19,2
3,3,4,5
2,2,2,2
3,4,4,21
3,3,2,9
6,12,2,4
12,6,7,21
18,3,6,6
2,5,3,3
3,6,3,25
6,2,14,2
26,6,4,2
19,2,6,18
22,3,9,8
21,9,2,2
5,10,17,11
2,3,18,4
6,12,2,6
22,2,5,3
4,6,18,2
6,3,4,6
4,4,6,8
18,4,2,6
2,3,25,4
2,12,2,22
6,6,7,4
6,2,24,2
3,6,5,5
4,7,6,3
20,4,6,6
24,7,2,3
6,6,6,5
6,2,3,21
18,6,6,6
3,4,6,21
3,6,3,2
2,3,6,17
6,3,3,3
2,18,3,4
2,2,11,6
3,24,3,6
3,14,9,22
3,4,16,2
2,3,2,6
3,5,12,2
6,6,12,5
18,2,3,20
5,2,21,6
6,6,7,6
14,6,6,4
2,2,3,16
4,15,6,6
4,6,2,9
6,3,22,2
6,16,6,6
12,12,15,2
2,3,3,9
6,6,6,6
3,9,2,17
6,3,2,10
5,3,2,25
6,3,3,6
3,6,17,5
6,2,3,4
3,3,2,5
5,2,2,6
3,21,3,2
12,2,5,6
5,3,6,3
15,3,6,3
6,2,9,2
6,9,2,4
16,4,13,6
2,14,9,2
10,6,20,5
3,6,3,2
3,5,5,6
3,6,6,2
4,3,18,6
3,3,2,16
3,4,14,6
2,6,2,22
2,6,20,2
13,17,3,2
2,2,6,17
5,3,4,6
6,2,3,25
6,3,4,6
6,12,3,2
14,2,6,9
3,6,2,2
4,6,2,18
6,3,3,2
3,28,3,6
6,2,9,12
6,12,6,12
3,3,28,3
11,17,2,9
3,6,2,9
10,6,6,12
2,17,2,2
6,6,5,9
5,5,4,9
3,5,2,3
6,3,6,4
6,4,3,6
3,3,2,2
19,18,6,6
3,2,2,19
25,2,4,9
5,2,15,2
5,2,2,6
6,5,3,6
18,6,8,9
3,3,9,3
20,12,2,2
2,6,2,3
3,3,4,2
6,5,3,17
4,4,6,6
6,3,4,9
2,6,19,2
6,16,4,4
25,5,5,6
17,6,2,2
22,6,12,2
6,2,2,2
3,6,3,6
5,4,4,6
6,6,2,2
9,11,6,4
2,3,6,6
15,6,3,6
6,2,2,6
3,9,2,2
2,4,6,9
3,3,3,4
2,2,2,13
15,2,3,3
2,4,6,4
4,4,24,3
11,6,5,14
16,2,3,6
3,6,9,6
6,6,5,15
2,20,6,2
6,18,4,4
2,2,2,2
21,3,3,2
6,2,6,6
6,6,6,5
16,12,6,2
4,14,3,14
6,6,12,2
2,2,5,3
17,2,6,13
4,15,18,3
6,8,2,5
3,6,16,2
4,6,3,6
2,22,3,3
6,6,6,10
4,14,2,6
5,5,5,15
10,5,3,22
9,5,9,7
3,19,6,4
6,4,6,6
4,3,3,4
2,9,19,5
3,9,5,3
2,4,6,4
16,9,2,4
6,26,2,2
6,5,3,6
6,12,2,2
6,6,2,3
6,6,9,9
6,6,6,9
3,2,6,15
3,2,2,9
6,3,3,6
4,3,3,2
2,3,2,2
4,3,27,5
6,2,6,3
21,2,2,9
2,24,2,2
17,5,6,6
3,6,6,6
2,18,6,2
15,6,19,3
4,2,6,2
4,2,18,6
3,2,6,3
7,8,19,10
3,5,2,6
5,6,5,6
9,5,4,4
3,6,6,5
6,3,6,9
6,3,6,6
6,3,3,6
6,9,4,15
4,6,3,25
6,4,4,11
6,2,12,2
22,3,11,6
3,4,6,9
5,6,2,3
3,22,2,2
21,2,4,6
3,19,3,13
6,4,6,6
6,2,6,14
2,3,2,2
3,2,6,2
4,3,2,6
3,6,5,26
9,3,3,12
2,16,12,3
6,2,3,3
2,2,2,2
2,3,6,5
3,6,2,4
19,3,6,2
17,9,19,6
3,2,4,6
2,4,6,9
9,3,18,6
3,4,18,4
2,2,4,28
6,3,13,9
2,6,3,9
4,5,4,12
2,2,2,21
4,20,2,4
3,6,5,16
4,2,2,3
2,4,14,11
2,3,9,2
4,6,2,9
2,3,6,11
3,4,3,22
6,6,18,6
3,3,6,5
20,2,9,6
4,2,6,6
5,6,3,16
6,6,6,16
3,3,2,4
3,4,5,25
6,6,10,9
3,2,9,6
5,3,2,6
2,9,9,6
2,2,28,2
3,9,6,3
4,2,17,2
9,6,2,20
15,3,4,6
2,2,25,3
18,2,6,6
3,2,2,9
6,6,6,6
6,18,2,4
2,6,3,12
6,6,2,6
6,2,3,3
3,3,3,3
2,5,5,6
3,3,5,6
18,6,6,3
4,2,2,21
2,2,2,2
6,21,2,5
25,5,3,2
4,2,3,3
6,3,7,6
18,15,8,6
5,6,3,2
6,6,3,3
22,3,5,4
6,6,3,4
6,2,2,4
8,6,3,19
20,3,4,2
5,6,5,9
6,4,6,8
5,6,2,2
4,3,3,23
3,21,3,2
2,2,3,3
3,4,23,6
4,5,2,2
2,5,5,6
9,6,15,4
13,7,6,2
5,6,13,2
5,6,2,5
22,2,3,2
21,11,4,3
24,3,3,2
6,6,9,5
5,6,6,6
6,2,2,4
6,3,3,9
6,4,4,4
6,6,26,4
6,4,3,6
2,6,3,22
3,6,9,9
2,18,6,6
5,5,9,3
9,6,3,20
4,2,23,6
13,2,6,8
2,3,18,5
12,2,2,17
6,2,3,6
9,15,6,9
2,27,6,2
6,3,4,4
5,3,4,2
3,2,2,2
6,6,17,9
10,6,6,6
17,6,12,5
6,2,6,2
3,24,2,2
6,9,6,3
2,2,2,2
3,5,6,2
20,3,6,4
12,10,12,6
6,6,6,6
2,15,4,4
4,5,6,5
2,6,19,16
7,23,6,3
4,21,3,9
4,4,3,2
6,2,2,2
3,3,2,6
6,2,3,2
24,4,3,2
3,16,3,3
6,2,2,4
3,14,2,4
3,2,6,2
17,4,9,6
2,2,2,21
6,2,3,6
2,2,2,2
3,21,14,9
5,6,25,6
17,2,6,13
6,3,13,13
6,6,16,4
17,6,6,3
24,4,4,4
25,4,4,2
2,3,3,6
11,6,6,2
21,9,13,3
2,6,6,4
2,25,2,4
19,2,2,12
4,5,6,6
6,2,6,6
18,6,2,2
4,17,2,5
6,4,15,24
6,6,2,6
6,6,22,2
15,5,4,6
8,12,3,3
3,2,6,2
20,6,5,2
9,4,15,6
2,10,3,3
6,3,6,3
6,6,3,2
3,2,2,6
10,2,3,27
6,24,8,3
4,4,2,24
4,3,2,3
6,5,6,3
13,6,11,2
2,6,20,12
9,3,2,6
2,4,3,22
6,2,4,6
6,2,18,9
6,6,6,6
2,9,3,2
25,10,10,4
19,6,3,2
5,4,5,9
3,2,19,6
3,5,5,6
5,5,10,18
6,19,13,10
11,15,6,6
6,2,7,2
2,22,3,6
2,3,2,4
2,2,6,25
2,15,6,4
2,2,6,6
4,6,6,6
9,6,3,2
5,3,6,18
3,2,2,20
6,6,4,19
4,2,2,9
12,2,21,2
2,2,2,2
3,3,5,2
6,4,12,6
6,2,9,6
5,3,6,3
3,21,2,5
6,5,6,2
3,16,2,3
6,14,9,5
10,6,9,3
6,2,4,3
6,5,9,2
6,9,6,6
2,2,4,20
6,6,6,3
5,4,22,9
6,3,19,6
2,2,24,2
2,6,4,2
2,2,17,9
9,6,5,2
3,2,3,2
19,2,2,3
3,2,5,2
6,22,3,2
12,2,2,2
4,6,2,3
6,5,2,2
15,5,13,9
6,6,6,12
6,2,9,4
9,6,5,5
5,6,3,2
3,12,6,3
6,6,6,4
2,6,18,3
5,4,2,18
2,3,2,6
5,3,19,2
9,2,4,6
3,6,5,19
4,5,3,6
2,12,3,3
6,4,9,4
19,6,2,3
9,3,4,19
2,3,6,2
2,3,6,24
3,6,5,6
2,3,3,6
6,3,24,2
19,5,6,3
2,17,2,3
2,6,20,2
6,15,4,9
2,6,3,9
6,5,14,9
2,3,6,18
2,2,9,6
2,21,2,2
4,24,2,2
3,5,6,6
4,21,4,5
3,3,3,3
10,6,4,6
2,2,2,4
13,2,6,9
2,12,6,13
3,16,22,7
6,4,6,12
3,6,12,15
17,3,2,6
3,3,12,6
20,2,3,3
4,23,2,2
2,5,2,3
3,25,12,6
6,4,6,6
5,12,18,4
22,6,2,6
2,6,22,2
3,2,2,9
24,6,3,3
3,4,25,4
6,2,6,6
2,5,10,23
6,6,8,17
2,2,4,6
13,5,6,12
2,4,22,5
22,22,6,4
5,3,2,3
4,13,2,6
6,6,6,6
4,2,5,5
2,2,2,6
4,2,6,2
6,5,18,6
4,6,2,20
2,3,6,9
6,19,2,2
16,2,6,6
6,2,4,6
6,6,2,22
9,4,6,6
2,2,2,2
2,6,13,6
4,2,6,6
6,6,16,3
5,4,6,3
17,2,6,2
3,6,3,6
2,2,6,5
4,3,4,18
6,4,3,3
2,5,4,2
8,2,16,6
12,9,4,2
7,6,4,9
2,4,4,6
8,5,4,3
2,2,2,2
3,2,2,3
6,2,6,4
21,2,3,3
4,6,21,3
9,6,4,6
2,3,3,4
5,15,17,5
2,6,6,5
2,2,9,20
2,2,6,2
4,3,18,3
5,18,3,3
5,6,4,5
2,3,25,6
4,6,3,6
3,24,2,2
2,4,3,21
4,2,6,3
6,13,5,15
2,4,4,2
2,4,2,5
9,9,9,9
5,2,4,5
2,20,4,3
6,5,2,2
4,5,6,6
5,3,2,6
2,2,2,2
21,2,3,2
3,4,9,6
12,6,3,13
4,4,24,5
4,3,2,17
6,2,19,11
3,2,2,3
3,2,4,6
15,6,6,4
4,6,2,6
2,14,5,2
6,14,2,2
3,6,6,6
6,2,19,6
3,2,3,6
2,6,9,2
4,2,4,4
4,6,2,2
23,2,6,7
2,6,6,3
19,3,6,3
5,5,6,5
8,15,6,19
2,6,2,20
3,5,6,3
6,10,3,2
3,11,15,2
3,2,2,4
6,17,2,6
4,2,3,3
2,27,3,3
4,6,3,3
6,13,6,6
6,6,6,6
2,2,2,2
2,6,3,2
6,2,5,2
4,9,2,3
6,5,4,9
2,6,21,2
3,4,4,20
4,12,2,5
21,2,7,3
6,4,21,6
6,23,3,6
15,8,6,6
10,2,6,23
6,2,19,2
6,18,5,2
3,6,3,2
4,3,6,2
2,3,2,24
6,5,6,23
2,6,6,18
13,6,24,2
9,13,2,5
2,18,2,8
4,4,3,4
6,6,5,6
3,9,2,24
6,2,6,9
3,6,3,6
14,14,10,6
26,6,2,2
13,6,12,4
6,13,3,2
20,6,6,6
20,4,9,2
2,6,9,5
4,12,6,5
5,18,6,6
2,15,9,4
2,8,6,5
2,9,2,24
6,6,6,12
6,6,6,2
9,6,2,4
6,4,2,6
3,3,6,2
16,2,2,9
20,7,5,5
2,9,24,2
18,3,6,3
6,6,13,10
6,2,2,9
2,2,6,6
14,3,4,19
19,3,2,2
6,2,3,9
6,7,2,20
4,4,2,20
6,2,5,4
4,3,2,5
6,4,6,6
2,6,20,2
12,3,6,3
4,23,6,8
3,18,2,3
2,9,2,6
18,2,5,3
18,3,2,5
2,2,2,2
4,3,2,15
2,5,4,2
6,2,6,3
22,3,3,2
2,6,6,5
3,5,3,4
6,2,6,12
15,2,2,2
3,5,3,6
17,2,6,9
6,3,3,2
2,6,2,6
6,3,6,6
3,16,5,6
6,5,3,2
9,2,4,2
2,18,2,2
5,5,6,6
6,6,6,6
6,6,3,6
4,15,5,4
4,2,6,17
21,2,2,6
3,3,2,6
6,6,6,3
12,26,2,6
15,2,3,2
5,6,16,15
6,6,5,3
3,5,4,6
6,5,6,6
3,3,28,6
2,6,5,4
19,6,12,5
5,6,3,6
6,6,6,11
6,2,3,3
2,6,2,2
14,2,6,3
9,3,17,19
18,2,6,9
3,18,12,15
5,6,5,6
6,2,18,6
3,5,6,3
6,19,6,3
3,2,2,6
6,4,4,21
6,2,2,18
2,3,6,2
18,6,6,6
9,9,9,4
5,2,2,2
3,4,9,3
2,6,5,2
9,2,4,2
2,9,6,15
2,6,6,17
2,2,2,5
2,3,6,11
19,2,6,5
5,5,6,6
9,10,4,4
4,5,5,12
2,2,6,2
6,3,2,2
2,7,8,7
2,16,2,2
4,2,2,2
6,4,6,6
4,4,5,6
4,5,17,6
4,2,9,2
5,6,2,2
2,2,2,4
2,6,6,21
2,19,6,2
6,6,6,2
3,2,6,6
9,6,6,3
2,3,6,3
4,6,6,6
17,3,2,2
14,4,2,20
4,6,6,4
9,19,6,20
2,4,6,4
6,2,12,14
2,6,9,4
2,6,2,26
3,2,9,22
3,5,21,6
2,2,2,2
5,3,5,2
12,6,3,6
4,6,3,4
2,3,9,6
6,2,6,6
6,6,18,6
2,4,2,26
3,6,6,6
4,19,6,5
6,18,9,5
6,2,4,3
12,2,23,2
6,11,3,14
19,2,6,6
2,6,15,2
17,4,3,3
2,2,2,2
18,4,4,5
3,6,2,4
2,18,2,2
12,5,12,6
4,5,20,2
2,3,9,9
2,6,13,6
3,19,2,6
6,10,2,6
12,9,6,3
6,21,3,6
6,6,4,5
2,9,3,12
3,4,4,4
6,8,8,9
18,3,8,9
19,20,3,9
3,14,2,2
6,4,6,4
5,2,18,6
6,6,2,5
4,12,4,6
5,5,2,9
17,6,2,18
6,2,6,2
9,2,6,6
4,2,5,6
20,3,8,13
2,6,18,2
16,6,21,3
2,6,2,3
6,2,3,3
2,24,6,3
4,3,17,4
6,15,2,6
2,2,18,3
6,3,22,2
9,4,2,5
2,2,6,20
9,4,3,6
6,2,2,2
4,6,2,3
5,19,2,9
6,2,6,6
6,6,18,4
6,24,2,3
23,3,2,2
3,2,6,6
16,3,6,2
2,6,2,23
2,2,3,6
6,6,7,6
3,14,6,4
2,4,2,3
9,3,2,4
23,16,3,6
2,18,3,6
2,12,4,4
2,6,9,2
2,3,3,20
6,5,6,9
18,6,2,3
3,6,16,2
5,4,6,2
6,3,2,4
2,8,12,15
9,4,9,17
4,3,5,22
2,6,15,3
13,17,6,2
6,3,9,4
3,21,5,13
3,6,9,2
6,6,3,2
4,3,16,3
6,21,6,6
4,6,2,20
2,20,19,6
2,22,9,6
6,2,17,17
9,6,4,2
6,6,6,8
3,5,19,3
6,3,28,5
6,3,5,9
16,2,2,6
6,2,19,9
22,3,6,3
9,9,6,3
5,6,9,6
13,14,2,6
2,6,2,22
2,2,3,3
19,8,6,4
5,6,21,6
6,2,24,2
6,12,2,3
4,3,4,6
2,2,20,15
2,2,24,2
3,2,3,2
2,2,2,2
2,6,3,6
6,5,4,15
3,2,26,3
6,15,6,2
5,2,6,3
4,27,3,3
3,17,12,6
3,2,6,2
2,6,3,2
19,5,2,6
3,3,3,22
15,2,3,6
25,9,6,4
4,3,2,2
2,3,2,6
2,4,2,24
2,20,2,2
23,3,2,3
6,6,5,3
2,6,2,15
22,2,4,3
2,5,2,2
5,2,2,3
8,17,6,2
4,3,15,2
3,2,3,4
11,2,6,2
6,6,6,6
16,6,2,3
12,5,2,2
3,3,6,2
4,4,6,2
3,4,2,6
3,8,10,9
4,9,4,4
9,14,2,2
19,2,9,8
21,6,7,3
2,6,6,18
3,3,24,4
3,4,11,22
3,15,4,12
6,6,6,15
6,5,5,6
14,2,2,2
4,2,3,3
6,3,2,2
2,2,4,6
6,3,3,9
4,6,17,6
4,2,3,19
6,16,2,6
5,13,16,6
6,4,5,5
9,12,2,19
3,3,2,9
6,6,2,5
15,4,5,2
6,3,14,18
4,3,2,4
2,12,2,25
2,3,9,2
6,5,6,26
4,6,6,2
2,15,2,6
3,19,2,6
18,2,6,4
12,3,2,2
3,2,18,3
4,4,12,9
3,6,4,3
9,6,5,11
2,3,6,24
2,2,12,2
6,4,10,12
9,2,4,2
4,4,6,9
2,4,2,6
12,3,15,2
19,2,6,9
2,6,4,3
16,2,9,10
5,2,6,6
4,6,2,18
4,2,3,2
6,6,22,3
6,2,3,2
4,6,19,2
2,2,2,2
2,6,12,5
9,2,24,3
28,2,3,2
5,21,6,9
2,2,6,8
3,6,3,2
2,2,6,3
6,4,4,6
2,3,2,2
2,15,2,23
21,2,3,11
3,22,3,3
5,20,6,6
9,6,6,3
10,18,6,6
6,2,6,18
2,18,6,6
2,6,6,17
3,4,3,9
15,6,18,2
2,6,2,15
4,3,6,14
5,6,6,2
6,2,5,4
10,12,12,15
2,2,2,2
4,9,9,6
12,6,15,9
4,9,2,3
15,4,13,9
6,2,6,9
5,3,2,15
2,20,3,3
3,4,2,4
6,4,6,4
6,2,6,6
2,4,22,3
6,2,5,6
3,9,5,9
2,18,2,16
6,3,6,16
2,2,2,2
6,2,5,2
4,9,6,20
6,3,9,6
3,21,2,4
6,4,2,12
18,3,3,9
6,5,22,5
2,22,2,6
9,6,6,5
21,7,6,3
3,17,2,4
2,6,2,2
6,9,3,4
4,6,6,18
4,6,2,5
6,5,4,15
2,6,4,6
9,9,4,16
2,3,2,6
18,4,4,9
6,3,6,6
2,12,8,6
6,3,21,2
21,6,2,9
2,4,6,2
22,2,2,2
6,5,5,5
6,6,3,5
6,3,4,21
2,2,2,2
5,4,14,6
13,2,14,5
5,6,9,19
9,6,2,11
5,6,9,4
6,6,3,4
3,3,11,6
2,6,6,3
2,3,20,9
18,6,4,3
9,15,3,2
12,19,6,6
2,2,2,2
2,23,2,2
6,19,6,10
2,9,18,2
15,9,2,2
6,4,19,2
2,14,6,3
21,3,6,4
2,6,3,6
3,9,2,7
5,6,2,4
5,2,6,14
16,6,9,4
6,4,6,7
6,2,4,3
6,14,3,19
3,2,2,19
6,5,17,2
2,6,13,2
6,6,2,21
2,2,19,2
6,6,2,15
6,12,6,9
18,6,4,3
9,2,4,22
2,2,2,2
2,2,2,2
3,3,5,6
2,2,2,23
3,2,2,5
5,2,6,6
3,3,12,6
2,22,3,6
2,6,6,5
2,6,2,17
2,2,5,17
3,5,2,6
11,6,6,3
6,18,4,15
3,2,23,5
2,5,12,2
14,2,2,3
3,6,6,6
6,11,10,4
6,2,2,4
5,4,3,2
6,6,8,16
2,7,12,6
4,4,23,6
9,2,2,5
2,4,6,3
4,2,6,9
21,3,2,7
4,3,19,2
5,17,6,12
2,3,18,3
2,3,4,19
3,2,15,6
2,3,25,2
5,6,5,3
3,6,6,6
2,4,6,23
21,4,16,6
2,22,15,2
2,2,5,5
9,6,6,2
6,6,12,5
2,2,22,4
2,2,2,17
16,3,12,9
2,6,2,14
6,15,14,8
6,2,3,18
5,6,6,6
6,4,2,2
20,2,22,2
4,3,6,2
22,5,3,2
6,9,7,5
10,5,16,4
5,6,6,5
4,5,26,2
6,5,3,15
6,18,2,2
3,3,19,4
2,21,2,2
6,3,3,6
3,2,4,3
2,26,2,4
23,2,6,6
21,2,3,2
6,2,6,4
4,5,3,6
6,4,5,22
6,2,3,22
9,4,19,2
6,2,12,2
3,16,2,2
15,4,2,4
2,3,2,22
6,6,2,6
3,3,2,6
6,6,5,18
2,5,6,5
6,22,2,2
9,6,8,4
3,6,2,2
2,21,16,5
6,6,5,9
6,2,15,16
4,6,4,6
18,2,2,2
2,21,6,4
6,6,3,2
6,5,4,6
3,25,3,6
22,6,2,2
4,6,9,15
4,13,6,6
4,6,4,3
9,2,2,2
2,2,21,7
25,2,2,2
3,6,19,4
6,9,4,9
8,6,9,8
2,4,4,2
6,2,2,3
6,4,4,17
5,4,2,4
3,19,2,2
19,6,4,2
4,9,2,6
21,4,6,6
4,3,6,2
6,2,25,2
4,21,11,3
9,4,2,10
6,24,12,4
9,9,2,3
4,6,21,6
9,16,3,12
3,3,4,22
2,2,4,6
7,4,12,12
7,2,8,15
3,5,2,3
4,5,6,6
2,2,2,2
2,16,3,6
6,4,3,6
6,2,9,2
2,9,3,2
6,4,3,6
19,6,6,6
6,3,4,6
3,2,9,4
2,3,2,2
18,14,6,3
4,28,4,4
5,3,2,21
4,6,4,2
3,5,2,21
2,25,2,3
6,19,2,4
6,4,6,16
6,4,6,5
2,2,2,25
6,2,2,3
3,2,2,6
2,5,4,23
2,14,12,4
3,19,9,5
3,4,5,5
6,7,20,4
6,6,6,4
3,9,6,2
6,6,2,2
3,5,2,26
6,6,12,3
3,6,4,3
2,18,2,2
4,7,4,2
6,6,4,2
6,11,17,3
5,6,6,2
4,4,21,2
6,3,2,2
12,6,6,3
4,9,5,2
3,9,5,6
6,6,2,19
8,23,3,2
2,2,2,15
2,23,2,6
6,6,17,3
28,2,3,2
4,7,17,4
3,2,3,5
3,9,4,4
5,6,2,2
5,9,6,2
4,4,6,5
24,6,5,6
2,3,15,6
19,12,3,4
12,6,6,6
2,2,3,2
6,4,3,20
4,4,4,4
5,15,3,18
3,2,18,6
18,4,2,2
9,6,2,16
3,3,4,6
5,3,6,6
4,24,3,5
2,9,2,6
6,9,5,14
3,4,3,21
6,6,6,4
10,2,2,6
6,17,2,9
2,9,4,6
2,5,2,3
6,16,2,3
2,15,17,3
3,2,3,2
5,4,6,3
5,6,25,4
4,6,2,2
6,3,15,6
13,6,16,6
15,6,2,4
26,2,2,5
3,6,3,2
2,2,2,2
3,9,18,4
2,2,5,2
2,6,4,9
6,4,9,6
2,4,19,8
3,6,2,25
9,6,23,4
3,6,7,6
5,17,9,3
9,6,2,2
9,2,2,20
2,20,12,7
3,2,6,24
2,22,2,6
6,4,6,2
3,4,6,2
6,6,18,2
20,2,2,5
6,2,6,2
3,2,3,3
5,9,14,6
23,4,2,2
2,3,2,6
6,2,6,6
6,5,4,3
4,6,3,4
12,2,2,4
14,12,6,4
6,15,9,3
13,5,17,3
3,6,3,4
2,6,2,2
2,6,4,16
15,4,3,3
3,3,24,2
2,5,3,2
6,2,9,6
6,3,2,3
24,3,2,9
20,5,2,3
17,2,16,3
14,6,9,8
5,15,6,4
11,27,4,7
3,3,17,3
6,6,4,2
2,12,18,3
3,4,21,12
6,3,2,2
6,4,6,6
6,2,5,6
6,17,3,4
2,3,4,6
20,6,2,7
15,6,6,4
2,6,6,3
6,3,15,6
3,2,6,2
21,19,3,2
6,3,5,6
2,2,21,2
4,6,6,6
2,2,2,27
4,6,5,3
12,6,6,2
3,3,2,15
18,6,10,8
11,6,5,2
4,27,2,3
5,5,4,6
6,3,5,6
6,16,4,2
6,3,4,4
6,2,13,6
4,6,12,9
3,6,12,4
2,17,3,3
3,3,6,4
3,3,22,3
5,3,14,6
4,15,6,6
2,13,2,3
9,6,4,4
2,2,2,4
22,3,2,13
3,4,24,3
6,6,2,2
6,2,3,6
18,5,6,6
23,2,2,3
16,6,4,6
4,3,18,4
3,9,16,5
4,4,12,16
6,24,6,2
6,6,2,2
2,2,8,19
4,9,3,2
2,13,2,2
12,9,6,5
3,2,2,25
3,14,7,6
24,2,3,2
21,6,5,5
3,3,4,12
3,5,6,14
2,18,15,9
6,5,6,7
24,2,6,3
6,2,5,9
2,14,3,2
2,6,2,6
2,3,3,3
4,4,6,25
3,2,2,22
4,6,6,3
3,6,6,2
4,9,8,15
4,3,3,9
12,3,7,20
2,4,2,3
2,4,6,25
6,6,2,6
2,3,3,3
4,3,3,3
24,6,3,3
2,2,2,12
6,6,12,4
2,2,6,2
2,2,11,2
2,6,12,4
2,14,13,2
6,3,3,10
12,14,6,2
12,25,4,4
5,12,4,5
2,2,2,2
5,3,6,6
5,9,4,3
25,3,4,2
4,15,6,9
6,2,12,2
6,6,4,9
25,2,2,4
2,4,5,6
24,4,3,4
2,9,2,4
14,4,2,17
2,2,11,21
16,10,3,4
4,6,2,3
3,6,6,9
3,6,4,6
4,9,10,6
6,6,6,6
6,5,4,3
5,6,6,2
15,4,4,6
3,19,4,6
2,3,12,20
22,3,3,6
2,4,3,17
2,2,2,5
3,6,2,17
3,2,24,3
13,3,3,2
2,6,4,2
3,3,3,6
9,4,3,2
11,6,6,3
2,14,4,9
25,3,6,3
9,4,2,19
3,21,6,4
6,4,5,18
6,20,6,4
6,6,6,3
18,16,3,2
6,6,4,20
2,2,2,2
23,15,6,4
2,6,3,9
4,2,21,2
23,5,6,4
2,2,17,3
2,12,5,13
4,3,3,6
5,6,15,6
6,5,2,13
8,3,2,2
3,9,26,3
2,2,14,6
5,6,20,3
9,2,22,6
2,3,2,6
3,4,6,12
9,16,3,3
6,2,2,2
9,5,6,9
6,6,5,4
3,3,6,2
4,15,4,6
3,6,14,6
22,6,4,5
2,17,2,2
2,6,2,2
5,3,9,12
5,9,20,2
2,2,4,2
4,24,3,2
4,14,6,3
2,2,22,9
6,4,4,9
4,2,21,3
6,6,4,5
5,17,2,12
11,9,4,17
2,6,3,3
6,6,3,6
2,4,23,4
6,6,5,16
6,2,3,4
5,23,3,3
20,5,3,6
6,2,18,3
3,9,4,2
9,6,4,6
3,4,4,2
6,22,6,4
5,4,3,2
15,4,3,2
3,2,3,2
6,2,3,20
3,9,4,24
2,6,3,22
4,9,2,22
24,2,3,5
22,6,6,6
5,2,10,6
2,2,6,2
4,16,6,2
2,2,4,13
23,9,2,3
21,3,2,2
3,6,20,3
3,3,5,20
2,4,9,18
5,3,3,2
6,6,5,23
3,3,3,9
6,15,2,10
4,2,6,5
3,2,22,6
2,4,6,9
6,4,11,3
3,2,3,6
2,2,17,3
2,2,9,3
27,2,2,9
3,6,12,6
9,3,4,3
2,21,3,9
3,5,2,6
23,6,2,2
4,5,4,6
4,3,28,2
6,9,3,5
9,2,13,6
6,6,6,4
2,2,2,2
9,5,5,6
6,20,2,8
2,6,4,2
7,6,17,6
26,4,4,2
4,4,13,4
3,9,21,2
6,4,2,5
6,21,6,2
6,8,11,11
4,10,12,6
6,2,6,5
25,3,3,2
6,2,2,2
4,18,6,2
16,7,5,2
2,2,2,2
6,6,4,2
9,6,17,4
5,2,3,6
6,2,3,6
25,6,2,4
2,21,6,3
4,2,9,2
3,21,2,2
3,2,21,4
6,6,12,6
6,4,2,19
2,3,6,3
2,3,2,23
6,2,18,2
3,2,9,6
3,3,4,16
6,2,6,2
2,22,2,2
6,4,5,3
9,9,6,2
2,2,5,2
6,18,5,12
22,4,20,2
2,23,3,6
6,21,6,3
2,6,2,17
5,2,5,21
12,6,6,4
6,2,2,24
21,2,6,10
18,4,9,2
17,3,9,3
3,2,4,2
6,22,6,2
6,2,21,5
14,2,6,6
2,4,6,6
6,2,16,3
6,19,2,2
18,6,2,6
9,3,6,9
9,3,5,3
3,5,6,6
6,3,5,9
3,2,6,6
9,3,4,14
2,3,6,2
4,2,9,20
5,3,2,2
6,18,4,6
24,2,3,3
9,5,5,13
2,9,2,2
6,6,6,6
6,2,4,17
9,6,4,6
6,4,4,3
18,4,3,4
24,3,6,2
25,2,6,3
2,18,2,2
6,16,6,9
2,6,21,2
26,2,6,2
2,17,2,6
3,2,18,6
2,6,6,3
22,2,9,2
6,2,15,10
6,6,5,2
13,3,2,6
2,2,27,3
9,3,21,5
11,15,6,9
6,6,2,28
5,3,3,3
11,2,6,9
5,3,6,6
2,2,2,2
20,2,2,6
24,2,14,5
6,9,6,2
6,3,4,18
5,6,2,4
10,5,6,15
6,2,9,2
3,6,5,27
6,22,4,2
5,2,9,5
18,10,2,3
12,3,17,2
3,6,6,12
3,2,6,3
6,9,3,3
6,3,6,15
4,6,2,23
5,9,16,6
6,4,2,25
9,6,2,3
9,3,3,16
6,21,2,9
5,7,17,6
4,20,2,7
14,4,3,17
9,17,2,6
13,2,6,2
3,2,11,19
5,2,6,12
6,3,3,16
5,2,4,3
10,4,6,8
6,5,4,14
3,2,6,17
6,6,6,2
21,4,4,3
3,3,6,21
11,6,2,12
2,16,2,3
4,2,21,6
6,6,6,6
17,9,6,2
4,3,3,2
4,20,6,4
9,6,6,6
12,3,6,6
25,5,6,2
4,4,4,5
6,6,2,18
6,3,2,2
10,4,23,2
2,6,6,2
9,4,4,6
9,6,4,9
2,5,2,6
14,15,6,3
17,4,6,9
4,4,12,9
3,3,6,6
6,6,4,4
2,18,2,2
6,14,3,6
6,4,6,9
22,4,2,2
6,2,12,6
10,15,2,3
6,5,24,4
2,2,2,2
6,3,3,16
6,2,13,9
6,4,19,2
9,6,15,3
3,3,5,6
4,9,4,6
3,20,5,6
3,2,2,2
9,4,4,2
2,4,3,6
2,2,20,6
6,3,2,5
2,5,3,2
5,9,5,6
5,6,2,2
6,3,2,6
3,2,2,2
6,2,2,2
4,4,3,3
6,4,2,3
6,6,6,4
2,3,6,5
2,2,6,17
3,5,6,6
12,2,5,24
6,15,9,9
4,2,2,2
6,4,6,20
2,6,11,8
3,3,9,6
3,22,13,4
2,3,4,2
2,2,2,2
2,3,6,26
6,16,5,6
6,19,6,2
6,18,2,4
4,4,3,3
4,2,6,2
2,6,18,6
2,2,2,2
5,6,5,2
6,15,2,4
2,2,20,2
23,3,5,6
6,6,6,6
15,12,3,6
6,27,2,2
4,9,6,9
12,3,5,4
2,5,6,2
2,18,2,6
2,6,2,6
5,4,12,2
2,6,3,16
12,3,2,6
3,5,5,5
6,4,6,3
6,2,4,6
2,6,4,6
2,21,2,14
3,5,27,2
2,2,2,2
2,6,2,19
9,17,11,2
6,6,19,2
3,25,2,3
6,13,4,12
2,16,3,12
6,6,6,6
9,6,16,2
2,3,4,6
2,2,2,2
3,5,4,6
18,5,9,5
9,4,6,6
6,12,4,10
13,2,6,9
9,21,6,6
9,4,5,9
19,13,6,6
22,2,3,6
2,4,2,2
4,2,21,3
6,21,2,3
2,2,16,2
4,4,3,22
6,2,20,2
2,6,6,6
6,2,24,5
2,6,3,6
9,15,5,3
3,2,6,13
3,6,6,6
6,4,4,6
4,9,6,5
3,19,5,6
2,6,4,2
5,3,6,6
6,6,6,3
23,4,6,4
24,2,3,2
3,3,5,20
6,3,4,3
2,9,4,24
5,17,6,16
2,2,24,2
5,6,9,6
6,2,3,2
6,6,5,19
9,19,6,5
9,6,6,2
2,2,2,2
6,3,6,4
4,6,2,6
2,3,4,2
11,10,6,12
6,3,2,6
2,9,12,18
12,5,5,2
3,15,3,6
6,9,23,3
3,9,4,6
5,15,12,6
14,6,2,23
23,2,8,5
6,6,6,2
2,2,2,2
3,5,3,4
6,19,3,3
3,2,2,6
20,3,3,5
4,12,6,3
3,2,2,3
2,7,6,19
4,6,4,6
18,4,5,3
5,6,4,6
2,25,3,3
2,2,3,18
6,2,6,5
6,4,6,6
6,6,6,11
6,9,12,2
26,6,2,2
2,6,3,2
2,16,2,2
6,6,6,9
14,10,9,6
9,5,6,12
20,2,9,2
2,6,20,2
9,6,6,17
19,2,6,6
6,2,6,4
2,3,5,6
2,3,3,3
6,2,13,2
7,3,2,2
6,2,9,2
3,17,6,6
3,3,6,22
5,6,2,6
6,2,3,3
2,9,6,3
15,4,2,15
2,21,6,3
3,9,2,6
2,6,5,2
4,3,6,4
22,2,4,2
6,3,6,6
6,2,15,5
2,2,2,2
2,6,14,2
20,6,4,6
2,2,2,2
6,9,5,6
24,2,2,7
3,9,2,9
17,2,12,6
12,2,3,3
4,3,24,6
16,6,6,2
14,6,5,3
3,6,6,16
6,20,3,6
2,6,3,6
4,6,6,9
2,9,20,2
3,3,23,2
2,6,5,4
15,7,5,6
2,3,7,4
6,6,4,3
5,5,3,3
3,2,7,3
4,6,6,5
3,5,4,3
2,8,3,2
15,3,4,2
6,6,3,2
6,6,6,3
9,19,2,2
2,6,4,17
2,3,2,4
6,6,3,4
16,4,2,3
6,3,3,6
7,6,5,3
6,3,4,3
25,2,3,3
2,2,13,4
2,2,2,4
2,2,20,10
4,22,2,2
3,15,8,3
6,5,3,4
2,6,2,3
2,6,21,6
2,2,3,3
3,5,9,4
6,3,6,9
6,2,2,3
3,3,20,6
17,2,2,2
3,3,2,6
2,6,6,3
6,23,2,3
13,2,2,14
15,6,6,4
2,15,2,6
22,3,4,16
3,6,6,9
6,2,22,9
6,9,12,4
18,6,2,5
5,3,3,6
2,2,6,12
9,4,6,5
4,6,3,2
3,6,2,3
2,2,2,2
5,18,6,6
2,6,18,4
18,6,6,6
20,2,3,2
6,2,4,15
2,4,6,2
6,3,12,6
4,6,2,6
6,10,3,3
6,5,2,2
4,6,4,6
6,6,4,6
4,10,4,2
3,4,2,6
2,6,2,3
19,6,4,3
6,4,22,2
3,12,6,3
6,4,5,3
3,2,22,6
2,2,28,3
3,6,18,3
24,3,2,6
6,2,3,6
3,3,23,3
5,6,6,2
2,6,6,18
6,14,3,3
2,2,6,15
6,2,2,4
3,9,5,3
4,9,4,5
3,3,18,3
2,24,2,2
6,17,2,8
6,3,6,24
9,2,19,3
19,2,4,2
6,9,3,5
2,22,2,3
6,6,2,7
19,3,2,2
2,17,2,15
6,3,3,4
5,9,5,6
3,6,3,2
7,9,14,6
6,5,6,4
9,2,16,8
5,18,13,6
9,2,3,6
2,2,20,7
3,4,5,19
15,2,2,2
18,5,2,15
3,6,22,3
5,6,6,5
16,2,6,4
2,15,2,5
6,4,15,3
2,4,2,4
2,2,24,4
2,2,2,6
2,2,6,2
2,3,26,2
23,2,2,3
6,4,2,2
3,2,4,3
9,6,2,4
9,2,4,6
2,2,4,6
6,6,18,6
4,2,2,2
2,4,5,6
2,3,2,24
2,19,3,6
6,6,11,6
2,6,18,2
2,22,2,6
6,2,3,2
6,6,2,10
2,6,6,18
4,5,24,6
17,6,6,16
3,19,9,6
6,6,2,19
4,2,3,25
21,3,2,6
3,2,6,13
15,6,14,3
9,5,5,2
2,6,2,6
3,5,2,5
27,2,2,3
6,4,21,4
16,4,6,6
6,10,15,19
2,9,4,20
3,2,23,4
3,4,9,9
4,6,2,6
21,2,2,9
4,3,15,2
3,4,6,3
6,2,6,20
3,6,6,6
2,12,6,4
6,19,5,2
24,4,6,2
12,6,5,4
6,3,19,7
6,10,6,2
2,3,3,2
9,18,11,4
6,4,3,4
3,4,6,5
4,6,3,3
2,22,2,3
2,2,17,2
20,6,3,2
18,2,2,2
6,6,6,2
7,4,2,22
25,2,2,3
21,2,6,2
3,11,3,17
3,3,19,4
14,6,2,2
6,6,4,6
2,2,2,2
15,6,12,3
2,19,3,2
6,5,2,6
2,6,17,2
2,4,6,11
22,5,2,2
5,3,9,6
6,6,4,6
3,6,6,24
6,2,2,2
3,2,6,2
5,9,6,9
3,4,12,4
4,18,6,6
6,12,9,6
21,6,6,2
2,6,27,9
2,19,6,6
6,3,12,4
2,3,2,25
2,2,3,6
5,2,27,9
3,6,2,22
3,5,22,2
17,2,9,6
2,17,6,3
6,3,26,6
3,22,4,2
6,4,16,2
3,9,4,6
2,4,2,21
21,4,5,2
6,4,3,2
5,6,3,6
2,2,17,20
6,6,8,13
6,4,6,6
3,4,4,6
6,4,3,19
3,23,2,4
17,2,2,6
2,6,15,6
2,15,3,3
6,6,2,4
6,4,6,2
6,6,6,6
4,6,14,10
6,2,12,2
3,6,6,6
14,4,2,4
4,6,3,3
6,26,6,3
3,23,6,2
14,6,9,8
2,12,2,4
2,2,6,2
5,2,18,6
2,5,4,9
6,6,6,8
9,3,3,17
5,18,6,6
4,22,3,5
2,6,2,6
6,5,10,20
3,9,3,23
5,9,12,9
4,6,2,4
3,19,6,2
2,2,24,4
3,6,2,3
20,2,2,6
4,3,6,6
2,15,2,2
6,6,2,2
2,6,6,6
3,2,2,19
5,21,3,6
2,4,27,3
6,2,6,22
10,5,4,6
6,5,22,5
4,6,5,2
3,19,5,2
4,6,12,21
2,2,4,12
5,6,4,6
6,16,2,8
10,6,2,15
4,3,2,2
6,9,12,9
6,5,15,9
7,9,2,12
6,16,2,15
3,9,2,13
2,12,2,5
6,3,4,6
13,3,3,6
3,3,6,22
5,2,26,2
6,5,2,18
3,19,6,3
2,3,17,6
6,2,3,2
2,4,14,6
3,3,6,22
4,24,6,6
9,2,2,2
6,6,3,3
5,5,5,3
2,3,20,2
3,22,3,2
6,2,6,20
2,2,2,2
2,6,3,3
2,2,12,21
2,2,6,6
15,6,6,2
6,6,14,6
2,14,9,6
3,11,28,3
17,3,4,4
6,7,11,6
4,2,3,6
2,2,4,4
6,6,6,6
2,2,2,2
6,20,6,2
6,4,22,2
11,2,4,2
3,12,12,2
2,6,5,2
4,2,15,6
6,17,2,6
19,6,6,2
3,6,2,6
2,6,9,2
3,6,2,4
3,13,6,2
15,4,6,11
5,6,6,6
3,2,6,2
2,4,6,4
4,2,6,16
2,6,8,2
2,3,11,3
2,2,18,5
3,5,6,2
7,16,4,6
5,6,3,5
3,2,3,20
6,16,6,3
3,6,6,3
2,25,6,2
12,2,2,2
9,2,20,4
2,4,4,2
4,19,3,3
6,12,2,6
5,6,3,4
8,6,6,8
21,8,4,6
18,2,16,6
2,26,6,6
4,9,6,5
9,6,2,2
3,6,6,6
2,2,6,9
6,6,6,2
9,6,2,14
3,2,2,25
6,2,2,11
4,18,2,19
2,24,3,2
3,9,2,2
6,4,6,5
4,2,22,6
6,2,10,4
6,4,10,6
6,6,6,6
2,14,21,4
2,16,3,2
6,4,6,6
5,6,4,3
6,15,11,5
25,2,2,6
6,22,3,5
2,2,3,12
6,3,3,23
9,4,19,2
6,6,21,2
14,2,16,2
3,2,20,6
3,9,5,6
2,6,22,2
22,2,6,3
26,2,3,2
9,6,2,5
4,5,2,28
2,18,6,9
6,2,3,5
6,6,3,4
4,19,4,4
3,2,2,20
3,3,2,23
4,6,3,6
3,2,3,5
2,6,6,2
2,3,2,9
3,3,5,2
2,6,4,3
6,12,2,18
2,8,20,6
7,2,3,24
19,3,2,6
9,5,5,14
5,2,15,23
2,6,16,6
2,3,21,3
5,6,5,23
6,6,15,12
17,6,2,3
24,2,2,2
3,9,6,20
6,3,5,3
2,6,6,17
20,3,3,9
4,3,6,3
6,3,4,6
2,18,6,3
2,14,9,2
3,6,24,2
2,5,3,21
6,17,6,4
19,3,3,6
10,6,12,9
2,4,3,6
2,2,3,6
3,15,2,3
3,4,2,3
5,4,4,17
4,4,2,4
3,23,4,4
20,2,2,2
6,3,20,16
6,4,3,6
6,2,21,5
5,6,4,4
5,22,2,5
4,3,2,6
19,3,2,6
9,2,2,2
3,6,4,4
14,17,3,3
2,2,3,19
16,3,2,6
2,6,5,2
4,5,2,22
2,9,20,2
5,16,6,11
4,4,4,7
2,3,2,6
3,2,3,6
2,2,9,2
14,2,2,2
2,2,28,2
2,4,15,6
3,2,19,15
22,14,9,2
2,6,20,3
6,2,2,4
2,3,7,20
2,2,23,6
6,2,2,22
6,2,4,6
6,2,6,4
3,9,6,6
2,22,3,4
4,2,6,2
14,3,3,15
3,6,2,22
6,4,6,15
11,6,6,12
17,12,5,2
6,11,6,6
2,15,2,6
9,5,4,2
5,2,4,3
2,6,2,2
2,2,2,6
7,4,6,22
7,4,6,4
5,2,20,6
2,2,2,2
2,6,6,2
21,2,3,13
3,3,2,2
3,6,2,2
14,12,2,3
20,3,6,2
3,11,6,16
3,6,18,3
6,6,11,6
2,22,6,8
17,6,2,5
4,19,5,2
6,6,6,6
4,2,6,4
2,3,2,2
6,5,6,10
14,12,2,6
2,2,2,18
21,3,2,2
2,3,3,3
6,4,4,6
6,6,5,5
3,6,9,6
14,4,15,6
15,6,5,6
19,6,6,2
3,6,3,6
6,2,9,2
6,4,19,13
15,3,8,3
22,6,2,5
18,7,2,4
2,2,2,2
3,12,4,4
4,2,4,6
9,2,3,17
5,9,5,6
4,5,6,3
2,2,2,2
17,6,9,11
3,10,4,15
6,13,6,6
5,9,6,6
3,6,5,4
16,2,2,2
2,6,3,6
16,22,6,3
2,4,3,6
3,6,2,21
2,3,4,6
6,6,3,3
3,6,2,2
28,3,4,6
18,7,3,2
2,24,6,3
2,4,2,2
3,3,3,22
6,4,5,4
9,2,22,13
2,4,6,3
3,6,15,14
3,6,2,2
19,6,2,3
4,15,6,2
2,4,2,4
2,6,6,6
2,19,8,7
6,26,5,2
14,6,2,3
6,5,6,4
4,3,9,2
5,6,2,6
21,5,4,4
21,2,2,6
4,20,2,6
2,2,6,6
5,17,3,15
6,2,19,3
5,6,3,3
2,6,3,13
4,9,15,3
12,6,2,5
6,4,2,2
12,6,2,5
6,4,2,3
9,4,5,6
6,6,3,3
4,4,9,6
21,9,2,2
3,2,4,3
2,24,3,2
2,6,24,9
2,2,5,2
2,6,21,2
6,6,3,2
4,3,6,9
6,6,6,6
3,23,4,3
2,11,2,15
2,23,6,2
13,6,3,9
2,6,15,6
6,2,6,11
2,18,2,2
4,3,20,3
5,4,19,5
4,2,6,2
5,6,2,3
2,2,2,2
6,3,14,4
2,6,4,6
2,2,2,2
6,6,2,3
2,3,27,6
3,21,3,6
3,2,16,18
6,9,5,3
6,2,3,2
21,6,6,2
2,2,6,16
2,3,19,4
6,6,6,3
2,3,2,6
6,6,16,6
2,4,2,6
2,6,2,19
2,2,4,20
4,2,3,6
2,4,2,6
6,7,15,2
18,4,2,9
4,14,6,2
2,4,6,23
2,2,11,17
4,3,3,2
4,6,2,2
2,3,6,13
6,9,2,9
3,3,11,12
2,6,5,6
9,2,19,4
6,3,2,6
6,14,2,6
2,5,9,18
18,6,2,2
20,3,6,6
2,6,5,9
4,2,4,2
2,6,4,2
2,4,2,2
6,6,3,21
10,6,5,6
6,4,7,6
6,6,5,6
2,3,3,3
4,3,12,7
2,14,3,2
9,6,6,4
7,13,6,6
2,6,2,2
5,5,2,4
3,4,13,23
2,6,6,18
11,17,5,2
15,3,6,4
9,3,27,3
17,3,6,2
6,2,19,2
5,4,2,9
18,2,5,3
3,2,6,3
3,6,21,2
2,2,2,2
2,2,14,6
9,3,2,11
6,3,2,4
6,3,2,6
6,5,6,2
9,19,2,3
3,4,15,6
6,5,4,5
2,6,15,6
3,20,2,2
21,3,2,3
2,2,2,2
3,2,3,19
2,2,2,2
4,4,15,6
6,6,2,5
15,2,2,3
21,3,2,9
5,6,23,3
9,2,6,6
2,2,4,22
2,6,6,9
13,6,2,3
3,6,21,6
2,10,2,25
6,6,4,3
20,2,2,4
6,2,3,5
6,3,5,6
12,3,9,4
6,2,3,17
23,3,3,2
6,2,3,9
2,25,5,6
6,2,5,2
6,20,3,6
2,2,12,18
6,3,9,6
2,17,4,2
6,6,3,14
4,6,2,2
6,6,3,2
6,5,15,10
6,6,4,3
11,6,2,2
6,8,4,18
2,3,15,2
13,10,3,6
6,16,15,6
4,12,4,2
5,2,14,3
9,2,2,18
6,6,2,17
2,6,2,3
4,2,23,6
3,2,17,5
3,3,2,2
4,6,6,4
6,3,4,2
23,6,4,4
6,6,9,3
6,6,19,2
6,22,20,3
2,6,2,3
4,9,5,2
6,4,12,6
2,15,2,6
9,6,4,3
3,6,21,6
12,5,2,3
2,12,2,15
2,2,2,2
25,2,2,3
9,4,2,6
6,4,4,2
6,2,2,6
13,3,6,5
6,4,9,19
2,2,18,6
2,21,6,8
3,25,5,3
18,6,2,6
6,24,3,2
13,6,6,2
17,12,3,3
22,5,11,2
3,6,9,16
23,6,4,6
13,6,2,3
3,6,3,2
11,20,10,2
2,2,3,4
6,2,21,6
2,3,4,2
6,6,20,4
6,3,2,24
3,3,2,6
4,2,2,6
6,8,5,18
2,6,6,6
3,6,2,3
4,4,2,6
2,2,2,2
6,16,2,9
12,16,2,6
2,2,2,2
5,6,6,16
6,5,5,6
9,6,11,6
6,11,7,21
6,3,2,20
3,3,2,2
2,6,3,3
6,6,3,6
19,5,2,2
2,2,2,2
19,6,2,9
2,6,9,3
2,23,2,2
3,2,9,2
6,5,4,3
2,4,2,24
3,12,4,20
3,6,18,6
6,6,3,13
2,2,2,3
2,3,20,2
6,5,12,13
6,4,6,4
6,6,4,19
6,6,9,5
5,3,6,6
9,2,5,5
6,6,6,9
11,12,2,9
2,6,2,3
3,6,3,9
5,4,15,4
3,2,3,6
6,8,9,11
2,5,3,2
3,6,17,2
2,6,2,12
2,5,2,15
12,6,4,6
4,2,6,26
6,15,14,3
17,12,6,2
2,2,2,2
2,6,15,15
6,7,6,18
5,6,4,5
19,2,4,2
6,4,3,22
5,15,2,3
2,2,6,6
6,4,6,5
3,6,3,6
5,14,6,6
3,2,18,2
3,5,4,23
6,18,15,5
6,2,3,3
2,18,5,3
15,3,6,3
18,6,2,3
5,6,18,6
4,21,3,6
16,3,4,6
2,5,5,9
2,6,4,4
13,3,3,6
6,6,6,9
6,2,23,4
2,5,2,3
6,2,2,6
2,6,6,27
6,4,2,6
3,3,6,3
6,6,2,6
2,12,3,6
6,2,9,15
6,14,6,6
2,4,4,6
9,3,6,3
6,6,3,4
3,2,4,25
11,6,6,6
6,5,9,4
6,3,4,10
6,6,17,2
2,2,17,14
2,4,2,18
2,2,2,2
20,6,2,3
9,2,2,2
5,12,9,13
6,2,4,9
6,5,2,4
